inf-norm-min-adv-dist;inf-norm-PGD-dist;inf-norm-sec-att-dist;;inf-norm-Clever-5-samples;;inf-norm-Clever-20-samples;;inf-norm-Clever-100-samples;;inf-norm-Clever-1024-samples;2-norm-min-adv-dist;2-norm-PGD-dist;2-norm-sec-att-dist;;2-norm-Clever-5-samples;;2-norm-Clever-20-samples;;2-norm-Clever-100-samples;;2-norm-Clever-1024-samples;1-norm-min-adv-dist;1-norm-PGD-dist;1-norm-sec-att-dist;1-norm-Clever-5-samples;1-norm-Clever-20-samples;1-norm-Clever-100-samples;;1-norm-Clever-1024-samples
0;0;0;;0,0003;;0,0003;;0,0003;;0,0003;0;0;0;;0,0437;;0,0012;;0,0358;;0,0004;0;0;0;0,0062;0,001;0,0066;;0,0048
0;0;0;;0,0019;;0,0018;;0,0016;;0,0018;0;0;0;;0,0018;;0,0008;;0,0008;;0,0016;0;0;0;0,4581;0,0255;0,3828;;0,0083
0;0;0;;0,0007;;0,0007;;0,0006;;0,0006;0;0;0;;0,0021;;0,056;;0,0569;;0,0225;0;0;0;0,0115;0,0005;0,0103;;0,0031
0;0;0;;0,0001;;0,0001;;0,0001;;0,0001;0;0;0;;0,0003;;0,0097;;0,0025;;0,0106;0;0;0;0,1145;0,0098;0,0731;;0,0023
0;0;0;;0,0012;;0,0012;;0,0012;;0,0012;0;0;0;;0,0233;;0,0017;;0,0012;;0,0004;0;0;0;0,0021;0,0037;0,0184;;0,0007
0;0;0;;0,0026;;0,0023;;0,002;;0,002;0;0;0;;0,0322;;0,029;;0,0292;;0,0235;0;0;0;0,0044;0,0051;0,1662;;0,0017
0;0;0;;0,0008;;0,0008;;0,0008;;0,0007;0;0;0;;0,0171;;0,0057;;0,0005;;0,0014;0;0;0;0,0015;0,0089;0,0023;;0,0012
0;0;0;;0,0019;;0,0017;;0,0014;;0,0014;0;0;0;;0,0032;;0,0034;;0,0035;;0,0007;0;0;0;0,0016;0,0054;0,0004;;0,0029
0;0;0;;0,0009;;0,0009;;0,0008;;0,0008;0;0;0;;0,0063;;0,0013;;0,0138;;0,0555;0;0;0;0,001;0,0048;0,002;;0,1103
0;0;0;;0,0014;;0,0013;;0,0013;;0,0012;0;0;0;;0,0011;;0,0014;;0,0025;;0,0026;0;0;0;0,1408;0,1352;0,1086;;0,0036
0;0;0;;0,0012;;0,0012;;0,0011;;0,001;0;0;0;;0,0018;;0,0472;;0,0444;;0,0064;0;0;0;0,003;0,0012;0,0009;;0,0197
0;0;0;;0,0024;;0,002;;0,002;;0,002;0;0;0;;0,1139;;0,0724;;0,0709;;0,0703;0;0;0;0,4453;0,0062;0,0071;;0,0025
0;0;0;;0,0004;;0,0004;;0,0004;;0,0004;0;0;0;;0,0456;;0,0435;;0,0021;;0,0301;0;0;0;0,0047;0,0024;0,0032;;0,0009
0;0;0;;0,0017;;0,0017;;0,0016;;0,0016;0;0;0;;0,0076;;0,0323;;0,0009;;0,023;0;0;0;0,0013;0,0159;0,0027;;0,0032
0;0;0;;0,0015;;0,0013;;0,0014;;0,0012;0;0;0;;0,0726;;0,0745;;0,0739;;0,0589;0;0;0;0,0016;0,0071;0,0033;;0,1406
0;0;0;;0,0008;;0,0009;;0,0008;;0,0008;0;0;0;;0,0078;;0,0016;;0,0033;;0,0051;0;0;0;0,005;0,0021;0,0032;;0,1685
0;0;0;;0,0031;;0,0031;;0,0028;;0,0027;0;0;0;;0,0029;;0,0005;;0,0041;;0,0031;0;0;0;0,0024;0,0023;0,0024;;0,0006
0;0;0;;0,0007;;0,0007;;0,0006;;0,0006;0;0;0;;0,0548;;0,0463;;0,0459;;0,0356;0;0;0;0,0011;0,0019;0,1159;;0,1445
0;0;0;;0,0278;;0,0303;;0,0068;;0,0199;0;0;0;;0,0037;;0,0013;;0,0026;;0,0034;0;0;0;7,5705;7,7434;6,1761;;5,548
0;0;0;;0,0006;;0,0006;;0,0006;;0,0005;0;0;0;;1,1564;;1,0615;;0,0041;;0,0299;0;0;0;0,0046;0,0008;0,0015;;0,0058
0,0003000051;0,0003000051;0,0020573139;0;0,0002;0;0,0002;0;0,0002;0;0,0001;0,0062;0,01;0,0062;0;0,0047;0;0,0027;0;0,0047;0;0,0013;0,0441;0,2;0,0441;0,0008;0,0023;0,0013;0;0,0021
0,0006000102;0,0006000102;0,0055893082;0;0,0006;0;0,0005;0;0,0005;0;0,0005;0,0121;0,015;0,0121;0;0,0011;0;0,0024;0;0,001;0;0,0014;0,1062;0,5999;0,1062;0,0007;0,0001;0,0003;0;0,0016
0,0006000102;0,0006000102;0,0031555891;0;0,0003;0;0,0003;0;0,0003;0;0,0003;0,013;0,015;0,013;1;0,0149;0;0,0064;1;0,0134;0;0,013;0,1525;0,5998;0,1525;0,0033;0,0011;0,0004;0;0,0016
0,0006000102;0,0006000102;0,0051142573;0;0,0004;0;0,0004;0;0,0004;0;0,0004;0,0174;0,02;0,0174;0;0,0012;1;0,0184;0;0,0158;0;0,0135;0,242;0,7997;0,242;0,0026;0,0015;0,0021;0;0,0006
0,0006000102;0,0006000102;0,0036762357;0;0,0005;0;0,0004;0;0,0004;0;0,0004;0,0192;0,025;0,0192;0;0,0151;0;0,0009;0;0,0142;0;0,0131;0,3288;0,9996;0,3288;0,0069;0,002;0,0008;0;0,0013
0,0009000152;0,0009000152;0,0064379871;0;0,0008;0;0,0007;0;0,0007;0;0,0007;0,0273;0,03;0,0273;0;0,0058;0;0,0257;0;0,0241;0;0,0023;0,361;0,9995;0,361;0,0023;0,0322;0,0655;0;0,0054
0,0009001493;0,0009001493;0,006867975;0;0,0009;1;0,001;0;0,0009;0;0,0009;0,0281;0,03;0,0281;0;0,0275;0;0,002;0;0,0031;0;0,0015;0,4303;0,9997;0,4303;0,0013;0,0005;0,0069;0;0,0032
0,0012001991;0,0012001991;0,0077993348;0;0,0011;0;0,001;0;0,0011;0;0,001;0,0365;0,0399;0,0365;0;0,0029;0;0,0019;0;0,0049;0;0,0113;0,4702;1,3967;0,4702;0,0024;0,0018;0,0005;0;0,0026
0,0012001991;0,0012001991;0,0086266249;0;0,0011;0;0,001;0;0,0009;0;0,0009;0,0388;0,04;0,0388;0;0,0386;0;0,0002;0;0,0289;0;0,0354;0,538;1,9961;0,538;0,0029;0,0026;0,0058;0;0,001
0,0014999509;0,0014999509;0,0076684356;1;0,0015;1;0,0015;0;0,0014;0;0,001;0,0419;0,0449;0,0419;0;0,0042;0;0,0336;0;0,0007;0;0,0043;0,5776;1,3987;0,5776;0,0005;0,0027;0,0047;0;0,1558
0,0015000254;0,0015000254;0,0071095526;0;0,0012;0;0,0012;0;0,001;0;0,0009;0,0425;0,045;0,0425;0;0,0358;0;0,001;0;0,0293;0;0,0289;0,6015;2,3739;0,6015;0,2281;0,0033;0,1807;0;0,0018
0,0015000254;0,0015000254;0,0075091422;0;0,0011;0;0,001;0;0,001;0;0,001;0,0445;0,0445;0,0519;0;0,0264;0;0,0213;0;0,0227;0;0,0215;0,7347;2,7724;0,7347;0,0063;0,0088;0,0014;0;0,0036
0,0015000254;0,0015000254;0,0077017695;0;0,001;0;0,001;0;0,0009;0;0,0009;0,045;0,0499;0,045;1;0,0579;1;0,0475;0;0,0406;0;0,0337;0,7407;2,5902;0,7407;0,3511;0,0041;0,325;0;0,2359
0,0015000254;0,0015000254;0,0072312951;0;0,0008;0;0,0008;0;0,0008;0;0,0007;0,0522;0,0549;0,0522;1;0,0584;0;0,0488;0;0,0057;0;0,0015;0,7512;2,3846;0,7512;0,0024;0,018;0,2497;0;0,0032
0,0015000254;0,0015000254;0,0087352395;1;0,0016;0;0,0015;0;0,0014;0;0,0012;0,0546;0,0546;0,0554;1;0,0601;1;0,0553;0;0,0014;0;0,0468;0,7653;2,3899;0,7653;0,0014;0,0035;0,0019;0;0,0057
0,0018000305;0,0018000305;0,0145867765;1;0,0019;1;0,0019;0;0,0015;0;0,0014;0,0548;0,0548;0,0554;0;0,0027;0;0,003;0;0,0009;0;0,0334;0,7697;1,5974;0,7697;0,0029;0,0013;0,0022;0;0,0031
0,0018000305;0,0018000305;0,0104968101;1;0,0024;1;0,0019;0;0,0016;0;0,0015;0,0572;0,0599;0,0572;0;0,0031;0;0,0014;0;0,0025;0;0,0463;0,7968;2,589;0,7968;0,0006;0,0025;0,0012;0;0,0033
0,0018000305;0,0018000305;0,009134829;0;0,0018;0;0,0017;0;0,0016;0;0,0015;0,058;0,0646;0,058;1;0,0613;0;0,0462;0;0,0436;0;0,0418;0,8803;2,1936;0,8803;0,3112;0,0079;0,001;0;0,0029
0,0018000305;0,0018000305;0,0105645657;0;0,0016;0;0,0013;0;0,0012;0;0,0012;0,0597;0,0597;0,0648;0;0,0066;1;0,0636;0;0,0556;0;0,0007;0,8853;2,1323;0,8853;0,0082;0,0033;0,0022;0;0,0013
0,0018000305;0,0018000305;0,0087523758;0;0,0018;0;0,0014;0;0,0014;0;0,0013;0,0612;0,0647;0,0612;1;0,0647;0;0,0587;0;0,0553;0;0,052;0,9075;1,3983;0,9075;0,0014;0,0005;0,0031;0;0,0008
0,0018000305;0,0018000305;0,0119411051;0;0,0014;0;0,0014;0;0,0013;0;0,0012;0,0619;0,0632;0,0619;1;0,0722;0;0,0616;0;0,0603;0;0,0532;0,9315;1,5801;0,9315;0,2032;0,1824;0,0017;0;0,1146
0,0018002987;0,0018002987;0,0093326867;0;0,0017;0;0,0016;0;0,0015;0;0,0015;0,0625;0,0646;0,0625;0;0,0497;0;0,0028;0;0,0407;0;0,0388;0,9328;2,3944;0,9328;0,0006;0,0014;0,1477;0;0,0005
0,0021000355;0,0021000355;0,0102971196;0;0,0018;0;0,0016;0;0,0015;0;0,0015;0,0648;0,0695;0,0648;0;0,0012;0;0,0055;0;0,007;0;0,0047;0,9583;2,8816;0,9583;0,0009;0,0049;0,0006;0;0,0035
0,0021000355;0,0021000355;0,0121742189;0;0,002;0;0,002;0;0,0017;0;0,0017;0,0653;0,0698;0,0653;1;0,0786;0;0,0012;0;0,0524;0;0,0495;0,9928;1,9879;0,9928;0,0013;0,0048;0,006;0;0,0018
0,0021000355;0,0021000355;0,0112960637;0;0,0019;0;0,0017;0;0,0016;0;0,0016;0,0665;0,0694;0,0665;0;0,0021;0;0,0087;0;0,0581;0;0,0574;1,0078;2,395;1,0078;0,0046;0,0018;0,0028;0;0,004
0,0021000355;0,0021000355;0,0112927854;0;0,0018;0;0,0015;0;0,0014;0;0,0014;0,0668;0,0695;0,0668;0;0,0582;0;0,0629;0;0,0528;0;0,052;1,0097;1,9801;1,0097;0,0111;0,0023;0,011;0;0,1858
0,0021000355;0,0021000355;0,0124829412;0;0,0014;0;0,0014;0;0,0013;0;0,0013;0,0675;0,0693;0,0675;1;0,0872;0;0,0618;0;0,0559;0;0,0494;1,0129;1,5989;1,0129;0,002;0,0036;0,0048;0;0,0016
0,0021000355;0,0021000355;0,0109819472;0;0,0021;0;0,0021;0;0,0017;0;0,0018;0,0686;0,0697;0,0686;0;0,0023;0;0,0638;0;0,0046;0;0,0082;1,1184;1,9927;1,1184;0,0129;0,0101;0,0038;0;0,0056
0,0021000355;0,0021000355;0,0098284334;0;0,0015;0;0,0016;0;0,0015;0;0,0014;0,0693;0,0696;0,0693;0;0,0659;0;0,0605;0;0,0577;0;0,0514;1,1411;2,967;1,1411;0,0093;0,0022;0,0165;0;0,0013
0,0021000355;0,0021000355;0,0120116323;0;0,0017;0;0,0016;0;0,0015;0;0,0015;0,0697;0,0697;0,0729;0;0,054;0;0,0523;0;0,0491;0;0,0473;1,2041;2,3913;1,2041;0,0089;0,0086;0,0061;0;0,0044
0,0021000355;0,0021000355;0,0119900703;0;0,0017;0;0,0016;0;0,0014;0;0,0013;0,0697;0,0697;0,0724;0;0,0533;0;0,0501;0;0,0521;0;0,0466;1,2254;2,5929;1,2254;0,0074;0,0046;0,0025;0;0,0013
0,0021000355;0,0021000355;0,0117528141;1;0,0027;1;0,0024;0;0,002;0;0,0014;0,0708;0,0745;0,0708;0;0,0704;0;0,0004;0;0,0602;0;0,0019;1,2255;2,1896;1,2255;0,2736;0,2557;0,0086;0;0,0128
0,0021003485;0,0021003485;0,0140389204;0;0,0014;0;0,0014;0;0,0014;0;0,0012;0,0728;0,0742;0,0728;0;0,0685;0;0,0516;0;0,0514;0;0,0482;1,2283;2,6972;1,2283;0,0142;0,0015;0,0043;0;0,0011
0,0024000406;0,0024000406;0,0247224867;1;0,0032;1;0,0033;0;0,002;0;0,0018;0,0728;0,0784;0,0728;0;0,0088;0;0,0101;0;0,0021;1;0,0731;1,2499;8,4641;1,2499;0,0055;0,0027;0,0016;0;0,001
0,0024000406;0,0024000406;0,0131908804;1;0,0034;1;0,0026;0;0,0024;0;0,0023;0,0747;0,0747;0,0843;0;0,0026;0;0,0028;0;0,0014;0;0,0007;1,2503;5,2837;1,2503;0,0132;0,0094;0,0089;0;0,0027
0,0024000406;0,0024000406;0,0132223368;0;0,0021;0;0,0019;0;0,0017;0;0,0018;0,0761;0,0797;0,0761;0;0,0662;0;0,0669;0;0,0587;0;0,0008;1,263;2,5852;1,263;0,0064;0,0056;0,003;0;0,2794
0,0024000406;0,0024000406;0,011472553;0;0,0022;0;0,0021;0;0,0019;0;0,0019;0,0764;0,0794;0,0764;1;0,0799;0;0,0717;0;0,0675;0;0,0634;1,2949;4,0591;1,2949;0,0094;0,0043;0,003;0;0,0035
0,0024000406;0,0024000406;0,010997504;0;0,0021;0;0,002;0;0,0018;0;0,0018;0,0777;0,0777;0,1017;0;0,0508;0;0,0485;0;0,0437;0;0,0429;1,3043;2,3513;1,3043;0,009;0,0022;0,0014;0;0,0032
0,0024000406;0,0024000406;0,0157739669;0;0,0024;0;0,0022;0;0,0022;0;0,002;0,0793;0,0793;0,0806;0;0,003;0;0,0788;0;0,0742;0;0,0022;1,3195;3,1522;1,3195;0,0081;0,0004;0,0027;0;0,0079
0,0024000406;0,0024000406;0,0104446709;0;0,0016;0;0,0014;0;0,0014;0;0,0013;0,08;0,0839;0,08;1;0,1121;0;0,0797;0;0,0552;0;0,0514;1,3447;2,7751;1,3447;0,0084;0,0018;0,0048;0;0,0008
0,0024000406;0,0024000406;0,0149619877;0;0,002;0;0,002;0;0,0018;0;0,0017;0,0825;0,0848;0,0825;0;0,0105;0;0,0022;0;0,0621;0;0,0576;1,3715;4,1034;1,3715;0,0087;0,0039;0,0015;0;0,0007
0,0024000406;0,0024000406;0,0154086947;1;0,0037;1;0,0028;0;0,0022;0;0,0022;0,0826;0,0826;0,0862;1;0,2067;1;0,1155;0;0,0033;0;0,0676;1,3818;3,3709;1,3818;0,005;0,0127;0,0009;0;0,0031
0,0024000406;0,0024000406;0,0144166946;0;0,0015;0;0,0014;0;0,0014;0;0,0013;0,0831;0,0846;0,0831;0;0,0802;0;0,0686;0;0,0662;0;0,0191;1,4268;2,5908;1,4268;0,003;0,0016;0,0028;0;0,0023
0,0027000457;0,0027000457;0,0136876106;0;0,0022;0;0,0017;0;0,0019;0;0,0017;0,0836;0,0836;0,0875;0;0,0821;0;0,0704;0;0,0479;0;0,0478;1,565;2,5861;1,565;0,0039;0,0048;0,0015;0;0,0042
0,0027000457;0,0027000457;0,0246332884;1;0,0039;1;0,003;1;0,0031;0;0,0025;0,0846;0,0846;0,0936;0;0,0735;0;0,0759;0;0,068;0;0,0668;1,5755;2,385;1,5755;0,005;0,0017;0,3247;0;0,0006
0,0027000457;0,0027000457;0,0136809647;1;0,0029;0;0,0025;0;0,0024;0;0,0024;0,0847;0,0847;0,0864;0;0,082;0;0,0018;0;0,0017;0;0,0679;1,6179;3,1851;1,6179;0,6956;0,5443;0,0024;0;0,0046
0,0027000457;0,0027000457;0,0134650916;0;0,0024;0;0,0015;0;0,0014;0;0,0013;0,0854;0,0895;0,0854;0;0,0803;0;0,08;0;0,0662;0;0,0648;1,6767;3,5543;1,6767;0,0017;0,0021;0,0031;0;0,0024
0,002700448;0,002700448;0,0379820019;1;0,011;1;0,008;1;0,0039;1;0,0044;0,0862;0,0862;0,0862;1;0,1309;1;0,1188;0;0,0618;0;0,056;1,7171;3,1916;1,7171;0,0147;0,0074;0,008;0;0,0011
0,002700448;0,002700448;0,0421836376;1;0,003;0;0,0027;0;0,0026;0;0,0025;0,0881;0,0892;0,0881;0;0,0013;0;0,0023;0;0,0032;0;0,001;1,7356;3,1877;1,7356;0,0039;0,0026;0,0025;0;0,0007
0,0030000508;0,0030000508;0,0119241178;0;0,0027;0;0,0023;0;0,0023;0;0,0022;0,0887;0,0937;0,0887;0;0,0013;0;0,0018;0;0,0698;0;0,0661;1,7538;2,9295;1,7538;0,0011;0,0008;0,0025;0;0,0008
0,0030000508;0,0030000508;0,0151221752;1;0,0036;0;0,0025;0;0,0021;0;0,002;0,0895;0,0895;0,0956;0;0,0104;0;0,0029;0;0,0015;0;0,002;1,7765;3,1925;1,7765;0,0087;0,0363;0,0029;0;0,0011
0,0030000508;0,0030000508;0,018684566;0;0,0022;0;0,002;0;0,002;0;0,0019;0,0939;0,0939;0,1004;0;0,0917;0;0,0643;0;0,0014;0;0,0592;1,8508;5,8233;1,8508;2,4251;0,0108;0,0183;0;0,6836
0,0030000508;0,0030000508;0,0116746873;0;0,0028;0;0,003;0;0,0024;0;0,0025;0,0968;0,0968;0,0971;0;0,022;0;0,0071;0;0,0076;0;0,0071;1,8828;2,7337;1,8828;0,0022;0,001;0,0062;0;0,0037
0,0030000508;0,0030000508;0,0190359354;0;0,0029;0;0,0025;0;0,0024;0;0,0022;0,0987;0,0991;0,0987;1;0,102;0;0,0806;0;0,0714;0;0,0689;1,9009;3,7254;1,9009;0,7823;0,0461;0,0177;0;0,0163
0,0030004978;0,0030004978;0,0162109733;1;0,0035;0;0,0021;0;0,0023;0;0,0018;0,1005;0,1076;0,1005;0;0,0013;1;0,1174;0;0,0007;0;0,0881;1,9168;2,7825;1,9168;0,0233;0,0024;0,0024;0;0,0004
0,0030004978;0,0030004978;0,0185524374;0;0,0023;0;0,0024;0;0,002;0;0,0019;0,1007;0,1214;0,1007;1;0,1695;1;0,1296;0;0,037;0;0,0034;1,9612;4,09;1,9612;0,0205;0,0124;0,0015;0;0,0238
0,0030004978;0,0030004978;0,014351964;0;0,0026;0;0,0025;0;0,0024;0;0,0023;0,1017;0,1086;0,1017;0;0,0953;0;0,0739;0;0,065;0;0,0664;1,9983;3,3922;1,9983;0,0224;0,0019;0,0015;0;0,0056
0,0030004978;0,0030004978;0,0191426873;0;0,0029;1;0,0031;0;0,002;0;0,0018;0,1021;0,1169;0,1021;1;0,1417;1;0,1064;0;0,0653;0;0,0582;2,0228;3,3841;2,0228;0,0048;0,0692;0,0069;0;0,0066
0,0033000559;0,0033000559;0,0116069168;0;0,0023;0;0,0021;0;0,0019;0;0,0018;0,1035;0,1035;0,1157;0;0,001;0;0,0908;0;0,0013;0;0,0026;2,0401;4,177;2,0401;0,0029;0,0042;0,1128;0;0,0061
0,0033000559;0,0033000559;0,0137413144;0;0,0024;0;0,0023;0;0,0022;0;0,0021;0,104;0,104;0,1232;0;0,0013;0;0,0026;0;0,0011;0;0,0023;2,0708;3,9897;2,0708;0,0044;0,0137;0,005;0;0,0049
0,0033000559;0,0033000559;0,0189753771;0;0,0029;0;0,0026;0;0,0025;0;0,0024;0,1043;0,1043;0,1242;0;0,0102;0;0,0024;0;0,0022;0;0,0027;2,1048;2,5801;2,1048;0,0114;0,0122;0,0007;0;0,0087
0,0033000559;0,0033000559;0,0155116916;1;0,0038;0;0,0032;0;0,0025;0;0,0021;0,1086;0,1086;0,1106;0;0,0022;0;0,0026;0;0,0071;0;0,0983;2,1328;4,7131;2,1328;0,0093;0,0003;0,0041;0;0,0021
0,0033000559;0,0033000559;0,0125599653;0;0,0021;0;0,002;0;0,0019;0;0,0019;0,1088;0,1152;0,1088;0;0,0047;0;0,0014;0;0,1032;0;0,0752;2,1578;2,9916;2,1578;0,0012;0,0054;0,007;0;0,0655
0,0033000559;0,0033000559;0,0154857039;1;0,0055;1;0,0045;1;0,0037;0;0,003;0,1094;0,1094;0,1095;0;0,0008;0;0,001;0;0,0012;0;0,0021;2,1705;6,5601;2,1705;1,2301;0,0146;0,707;0;0,0066
0,0033005476;0,0033005476;0,015728116;1;0,0035;0;0,0029;0;0,0027;0;0,0026;0,1095;0,1095;0,1121;0;0,093;0;0,0983;0;0,0911;0;0,0918;2,1828;3,571;2,1828;0,0022;0,0007;0,0042;0;0,0022
0,0033005476;0,0033005476;0,0187096;0;0,003;1;0,0043;0;0,0032;0;0,0029;0,1121;0,1171;0,1121;0;0,1096;0;0,0781;0;0,0784;0;0,0722;2,2129;6,9142;2,2129;4,4877;0,0122;0,0097;0;0,0026
0,0036000609;0,0036000609;0,0133049488;0;0,0032;0;0,0027;0;0,0025;0;0,0025;0,1139;0,1139;0,142;0;0,0017;0;0,0866;0;0,0848;0;0,0778;2,2672;4,029;2,2672;0,0108;0,008;0,0017;0;0,0023
0,0036000609;0,0036000609;0,0186776668;0;0,0031;0;0,0032;0;0,0022;0;0,0019;0,1142;0,1181;0,1142;0;0,005;0;0,0035;0;0,0011;0;0,0085;2,2827;4,0407;2,2827;1,7516;0,0099;0,0026;0;0,0036
0,0036000609;0,0036000609;0,0142805129;0;0,0032;0;0,0031;0;0,003;0;0,0026;0,1142;0,1142;0,1328;0;0,0102;0;0,0044;0;0,0015;0;0,0114;2,3107;4,9259;2,3107;0,0236;0,0129;0,0071;0;0,0002
0,0036000609;0,0036000609;0,0167759657;1;0,006;0;0,0036;0;0,0029;0;0,0025;0,1183;0,1211;0,1183;0;0,0066;0;0,0022;0;0,0029;0;0,069;2,368;3,7426;2,368;0,0024;0,5072;0,4461;0;0,0244
0,0036000609;0,0036000609;0,0169080496;0;0,003;0;0,0029;0;0,0028;0;0,0027;0,119;0,119;0,1269;0;0,0023;0;0,002;0;0,0031;0;0,0006;2,4016;2,7822;2,4016;0,0039;0,0032;0,0017;0;0,0044
0,0036000609;0,0036000609;0,0126636624;0;0,0027;0;0,0024;0;0,0024;0;0,0023;0,1193;0,1193;0,1332;0;0,0053;0;0,0015;0;0,0016;0;0,0234;2,4069;4,5005;2,4069;0,0048;0,0014;0,0009;0;0,0031
0,003900066;0,003900066;0,0139621794;1;0,0044;0;0,0027;0;0,0019;0;0,0016;0,1194;0,1194;0,1289;0;0,004;0;0,1057;0;0,005;0;0,095;2,4332;5,6745;2,4332;3,6059;0,0047;0,0019;0;0,0025
0,003900066;0,003900066;0,0199176967;0;0,0038;0;0,0036;0;0,003;0;0,0028;0,1225;0,1561;0,1225;0;0,0037;0;0,0061;0;0,0006;0;0,0049;2,4606;5,8021;2,4606;0,0036;2,6161;0,0069;0;0,0039
0,003900066;0,003900066;0,0185171962;1;0,0051;1;0,0045;0;0,0038;0;0,0035;0,1238;0,1361;0,1238;0;0,0007;0;0,0014;0;0,0018;0;0,0012;2,4637;5,0995;2,4637;2,1351;1,7239;0,0017;0;0,0043
0,003900066;0,003900066;0,018491298;0;0,0035;0;0,0035;0;0,0031;0;0,0029;0,1245;0,1245;0,1595;0;0,003;0;0,0007;0;0,0009;0;0,0007;2,5206;5,7394;2,5206;0,0078;1,4568;0,1831;0;0,0068
0,003900066;0,003900066;0,0166375041;0;0,0032;0;0,0026;0;0,0021;0;0,0019;0,1251;0,1634;0,1251;0;0,0102;0;0,0148;0;0,0007;0;0,0003;2,6073;4,1214;2,6073;0,0022;0,0049;0,0047;0;0,0027
0,003900066;0,003900066;0,0150384605;0;0,0035;0;0,0034;0;0,0027;0;0,0027;0,1311;0,2271;0,1311;1;0,3044;0;0,0042;0;0,0025;0;0,0005;2,6263;3,9693;2,6263;0,8638;0,0112;0,0168;0;0,6514
0,0039006472;0,0039006472;0,017436415;0;0,0029;0;0,0033;0;0,0027;0;0,0022;0,132;0,1405;0,132;0;0,0142;0;0,0043;0;0,0019;1;0,2748;2,6599;5,2746;2,6599;0,0015;0,0031;0,0025;0;0,0019
0,0042000711;0,0042000711;0,0181720853;1;0,005;1;0,0043;0;0,0033;0;0,003;0,1321;0,1321;0,1518;0;0,004;0;0,0033;0;0,0006;0;0,0006;2,6995;7,9161;2,6995;4,0794;3,4235;3,4118;1;3,1433
0,0042000711;0,0042000711;0,016783908;0;0,0041;0;0,0037;0;0,0034;0;0,0032;0,1333;0,1394;0,1333;0;0,0038;0;0,0084;0;0,0835;0;0,0035;2,707;4,1703;2,707;0,0016;0,003;0,6772;0;0,0076
0,0042000711;0,0042000711;0,0153322667;0;0,0028;0;0,0031;0;0,0023;0;0,002;0,1375;0,1375;0,1477;0;0,0023;0;0,0025;0;0,0025;0;0,0014;2,7181;5,5311;2,7181;0,0104;0,0087;0,0252;0;1,1303
0,0042000711;0,0042000711;0,0177090615;1;0,0058;1;0,0048;0;0,0031;0;0,0025;0,1379;0,1379;0,1399;0;0,0018;0;0,123;0;0,1057;0;0,103;2,7287;4,3701;2,7287;0,0055;0,0033;0,0018;0;0,0052
0,0042000711;0,0042000711;0,014711678;1;0,0061;0;0,0028;0;0,0021;0;0,002;0,1381;0,1478;0,1381;0;0,0046;0;0,0016;0;0,0013;0;0,0006;2,7861;3,9761;2,7861;0,0025;0,0047;0,421;0;0,0068
0,0042000711;0,0042000711;0,0180622637;0;0,0039;0;0,0032;0;0,0027;0;0,0024;0,1386;0,1524;0,1386;0;0,0042;1;0,1846;0;0,0021;0;0,0011;2,7872;4,3647;2,7872;0,8577;0,0089;0,0455;0;0,4969
0,0042000711;0,0042000711;0,0295336843;1;0,008;1;0,0057;1;0,0046;0;0,0042;0,1416;0,1509;0,1416;0;0,0025;0;0,0019;0;0,0014;0;0,0032;2,7903;6,6551;2,7903;0,0183;0,0076;0,073;0;0,0021
0,0045000762;0,0045000762;0,0200482011;0;0,0032;0;0,0035;0;0,003;0;0,0028;0,1422;0,1422;0,1779;0;0,003;0;0,0029;0;0,0172;0;0,0016;2,7965;7,2938;2,7965;1,8053;0,0107;0,0071;0;0,0085
0,0045000762;0,0045000762;0,016185075;0;0,0038;0;0,0031;0;0,003;0;0,0026;0,1446;0,1474;0,1446;0;0,0035;0;0,005;0;0,0013;0;0,0008;2,924;14,9473;2,924;0,0166;3,8737;0,1222;0;1,8732
0,0045000762;0,0045000762;0,0179788321;1;0,0124;1;0,0088;1;0,007;1;0,0046;0,1476;0,1573;0,1476;0;0,0204;0;0,0025;0;0,0014;0;0,0013;2,9736;6,9046;2,9736;4,4135;4,3444;0,0201;0;0,0011
0,0045000762;0,0045000762;0,0281400084;1;0,0204;1;0,0167;1;0,0161;1;0,0153;0,1479;0,1479;0,1514;0;0,0027;0;0,0035;0;0,1216;0;0,0966;2,9748;5,8527;2,9748;2,1667;1,3756;0,0052;0;0,0029
0,0048000813;0,0048000813;0,0173280239;0;0,0048;0;0,0039;0;0,0034;0;0,003;0,1486;0,1843;0,1486;1;0,1752;0;0,0066;0;0,1234;0;0,1122;3,0412;13,1887;3,0412;4,5029;4,6923;4,3076;0;0,0046
0,0048000813;0,0048000813;0,0190832913;1;0,0068;1;0,0059;0;0,0044;0;0,0042;0,1506;0,1506;0,2181;0;0,001;0;0,0038;0;0,0011;0;0,0014;3,0806;4,3845;3,0806;0,8212;0,0236;0,0132;0;0,0015
0,0048000813;0,0048000813;0,0138171911;0;0,0042;0;0,0031;0;0,0015;0;0,0019;0,1508;0,1572;0,1508;0;0,0025;0;0,0036;0;0,0008;0;0,0014;3,099;7,1384;3,099;5,0107;3,99;0,0129;1;3,3676
0,0048000813;0,0048000813;0,0238704532;1;0,0065;1;0,0055;0;0,0046;0;0,0045;0,1509;0,1509;0,1824;0;0,0024;0;0,0016;0;0,0023;0;0,0013;3,142;5,8777;3,142;0,8146;0,0051;0,8799;0;0,0105
0,0048000813;0,0048000813;0,0210308731;0;0,0041;0;0,0046;0;0,0038;0;0,003;0,1517;0,1595;0,1517;0;0,003;0;0,0082;0;0,0018;0;0,0009;3,1982;8,8762;3,1982;3,9406;3,8564;3,1203;0;0,0266
0,0048000813;0,0048000813;0,0275257826;1;0,0058;0;0,0036;0;0,0037;0;0,0033;0,1536;0,1704;0,1536;0;0,0036;0;0,0007;0;0,1417;0;0,1242;3,2092;4,5579;3,2092;1,4267;0,0081;0,0178;0;0,0154
0,0048000813;0,0048000813;0,0180484056;0;0,0044;0;0,0044;0;0,0033;0;0,0034;0,1542;0,1799;0,1542;0;0,0022;0;0,0153;0;0,0029;0;0,0013;3,2879;4,5823;3,2879;0,0076;0,8063;0,0043;0;0,7424
0,0048000813;0,0048000813;0,0236802697;0;0,0045;0;0,0041;0;0,004;0;0,0038;0,1555;0,1568;0,1555;0;0,0016;0;0,0024;0;0,001;0;0,0021;3,2967;7,1428;3,2967;3,4816;0,0317;3,1213;0;0,7543
0,0048000813;0,0048000813;0,0253047347;1;0,0052;1;0,0049;0;0,0039;0;0,0038;0,1559;0,1559;0,2148;0;0,0092;0;0,0021;0;0,0067;1;0,1688;3,3211;10,7336;3,3211;3,1911;0,012;2,1133;0;1,5777
0,0048007965;0,0048007965;0,0261575878;1;0,0067;1;0,0049;0;0,0047;0;0,0041;0,1562;0,1562;0,1697;0;0,0033;0;0,002;0;0,0054;1;0,2371;3,3524;4,5441;3,3524;1,0274;0,0053;0,0076;0;0,6681
0,0048007965;0,0048007965;0,0169032514;1;0,0077;1;0,0078;1;0,0067;1;0,0057;0,1579;0,1748;0,1579;0;0,0017;0;0,0024;1;0,1799;0;0,094;3,3674;7,2031;3,3674;6,4948;4,79;4,5179;0;2,5177
0,0048007965;0,0048007965;0,0219416767;0;0,0046;1;0,0049;0;0,0039;0;0,003;0,1581;0,1581;0,1615;1;0,1731;0;0,152;0;0,123;0;0,1054;3,3701;6,6057;3,3701;0,0067;0,0046;3,571;0;2,909
0,0051000863;0,0051000863;0,0291298032;1;0,0057;0;0,005;0;0,0048;0;0,0045;0,159;0,1648;0,159;1;0,2022;0;0,0035;0;0,0027;0;0,0009;3,406;5,2997;3,406;1,5173;0,0116;0,8874;0;0,003
0,0051000863;0,0051000863;0,0194308162;1;0,0123;1;0,0128;1;0,0114;1;0,0075;0,1607;0,1607;0,2406;0;0,0018;0;0,0026;1;0,1609;0;0,0031;3,4236;8,2304;3,4236;1,6343;0,0348;0,0029;0;0,0509
0,0051000863;0,0051000863;0,0279182792;1;0,0066;1;0,0064;1;0,0058;0;0,0044;0,1633;0,1633;0,2168;1;0,1698;1;0,1654;0;0,0004;0;0,0653;3,4333;6,0533;3,4333;3,4456;0,0067;0,0112;0;0,0094
0,0051000863;0,0051000863;0,0214508623;1;0,0168;1;0,0111;1;0,0074;0;0,0049;0,1635;0,1635;0,1684;1;0,6279;0;0,0166;1;0,5338;0;0,0049;3,4348;3,9461;3,4348;0,016;0,0061;0,0036;0;0,0035
0,0051000863;0,0051000863;0,018642351;1;0,0093;0;0,0034;0;0,0045;0;0,0032;0,1635;0,1635;0,229;0;0,0093;0;0,002;0;0,0031;0;0,0011;3,4642;6,4911;3,4642;2,0795;1,4943;0,0218;0;0,0274
0,0051000863;0,0051000863;0,0200169086;1;0,0102;1;0,0111;1;0,0084;1;0,0063;0,1645;0,1667;0,1645;0;0,0033;0;0,0114;0;0,0006;0;0,0009;3,5336;6,154;3,5336;0,0069;0,0045;0,0078;0;0,0027
0,0051000863;0,0051000863;0,0196426213;1;0,0127;1;0,0119;1;0,0089;1;0,0062;0,1646;0,1646;0,3497;0;0,0121;0;0,0014;0;0,0018;0;0,0019;3,5504;7,3131;3,5504;1,8345;1,9071;1,7396;0;1,6163
0,0051008463;0,0051008463;0,0225432813;1;0,0078;1;0,0089;1;0,0059;1;0,0052;0,1648;0,1769;0,1648;1;0,4761;0;0,0038;0;0,0021;0;0,0037;3,5821;11,8111;3,5821;4,5122;4,7911;4,3935;1;3,9958
0,0051008463;0,0051008463;0,0244652629;1;0,0161;0;0,0037;0;0,005;0;0,0037;0,1657;0,1657;0,1897;0;0,0044;0;0,0037;0;0,0018;0;0,0055;3,5901;7,1161;3,5901;2,4859;1,8085;0,0132;0;0,0069
0,0051008463;0,0051008463;0,0174833089;0;0,0035;0;0,0029;0;0,0024;0;0,0022;0,167;0,1994;0,167;0;0,004;1;0,2377;0;0,0013;0;0,0128;3,6052;7,196;3,6052;3,0388;2,6489;0,0109;0;2,0305
0,0051008463;0,0051008463;0,0182458162;1;0,0091;1;0,0052;0;0,005;0;0,0037;0,1674;0,1674;0,2342;0;0,0026;0;0,0021;0;0,0011;0;0,0017;3,6225;10,0221;3,6225;5,0812;4,3634;0,0069;1;3,707
0,0054000914;0,0054000914;0,0189777166;0;0,0054;0;0,0053;0;0,0047;0;0,0039;0,1685;0,1685;0,1737;1;0,1877;0;0,0007;0;0,0024;0;0,003;3,6266;8,6746;3,6266;0,0057;0,0306;0,4252;0;1,9515
0,0054000914;0,0054000914;0,0208956748;1;0,0075;1;0,0059;1;0,0064;1;0,0061;0,169;0,1835;0,169;0;0,003;0;0,0006;0;0,0013;0;0,0038;3,6669;6,8308;3,6669;4,3599;3,9633;3,1909;0;0,0136
0,0054000914;0,0054000914;0,0177278519;1;0,0118;1;0,0076;0;0,0052;0;0,0039;0,1699;0,1699;0,1757;1;0,3387;0;0,004;0;0,133;0;0,1196;3,6697;5,3788;3,6697;0,0236;1,1817;0,0013;0;0,0213
0,0054000914;0,0054000914;0,0219137073;1;0,0073;1;0,0081;1;0,0061;0;0,0044;0,171;0,171;0,1753;0;0,0533;0;0,0017;0;0,0013;0;0,0019;3,6789;7,6375;3,6789;1,23;0,0026;0,9819;0;0,0106
0,0054000914;0,0054000914;0,0212872624;1;0,009;1;0,0086;1;0,0068;1;0,0056;0,1727;0,1727;0,2062;0;0,0006;0;0,003;0;0,0581;0;0,1403;3,6836;6,5504;3,6836;1,2735;0,0219;0,9862;0;0,0054
0,0054000914;0,0054000914;0,015276894;1;0,0056;0;0,0052;0;0,0035;0;0,0026;0,1757;0,1799;0,1757;1;0,5215;0;0,0023;0;0,0016;0;0,0027;3,6896;5,9229;3,6896;1,953;1,7823;0,003;0;0,0107
0,0054000914;0,0054000914;0,0163588822;1;0,0161;1;0,0108;1;0,011;1;0,0065;0,1773;0,1831;0,1773;0;0,0255;0;0,0029;0;0,0022;0;0,0029;3,707;8,2229;3,707;4,4084;3,004;2,4637;0;0,0138
0,0054000914;0,0054000914;0,0324181393;1;0,0083;0;0,0052;0;0,0038;0;0,0038;0,1778;0,1778;0,23;0;0,0048;1;0,2121;0;0,0036;0;0,0023;3,7111;9,1807;3,7111;2,6483;2,1278;0,0032;0;1,0488
0,0054001212;0,0054001212;0,0240789652;1;0,0058;1;0,0061;0;0,005;0;0,0044;0,1779;0,2749;0,1779;0;0,0088;0;0,0036;1;0,4478;0;0,0069;3,7118;9,4496;3,7118;0,021;0,0252;0,9389;0;0,0576
0,0054008961;0,0054008961;0,016909197;1;0,0079;0;0,004;0;0,0042;0;0,0032;0,1788;0,1788;0,1811;0;0,0246;0;0,0014;0;0,0058;0;0,0011;3,7142;12,5822;3,7142;3,226;0,0142;2,702;0;0,0188
0,0054008961;0,0054008961;0,016004771;0;0,0052;0;0,0024;0;0,0023;0;0,0018;0,179;0,1886;0,179;0;0,0043;0;0,011;0;0,0024;0;0,0055;3,7624;7,0768;3,7624;0,0043;0,0161;0,0053;0;0,0195
0,0054008961;0,0054008961;0,0225529969;1;0,0109;0;0,005;0;0,0042;0;0,0029;0,1791;0,1791;0,1806;0;0,0068;0;0,0034;0;0,0012;0;0,0027;3,787;9,5537;3,787;0,0033;0,0135;0,0199;0;0,033
0,0054008961;0,0054008961;0,0208822191;0;0,0048;0;0,004;0;0,0036;0;0,0032;0,1801;0,1801;0,2516;0;0,0088;0;0,0023;0;0,002;0;0,0028;3,7993;4,9223;3,7993;0,0085;0,0016;0,0015;0;0,0035
0,0054008961;0,0054008961;0,0199570656;1;0,0063;0;0,0051;0;0,0046;0;0,0046;0,1802;0,1962;0,1802;0;0,0023;0;0,0043;0;0,0172;0;0,0013;3,8079;6,0329;3,8079;2,5561;0,025;0,0111;0;0,01
0,0056998432;0,0056998432;0,0255816579;1;0,008;1;0,0071;1;0,0068;0;0,0053;0,1813;0,1813;0,1945;0;0,002;0;0,0007;0;0,0015;0;0,0012;3,8356;5,7497;3,8356;0,0103;0,8853;0,0182;0;0,005
0,0057000965;0,0057000965;0,018638581;1;0,0129;0;0,0021;0;0,0025;0;0,0024;0,1817;0,1967;0,1817;0;0,0135;0;0,0026;0;0,0021;0;0,0011;3,8538;6,6387;3,8538;0,0133;0,0037;0,0085;0;0,0073
0,0057000965;0,0057000965;0,0189494789;1;0,0091;1;0,0059;0;0,0042;0;0,0039;0,182;0,182;0,1822;0;0,0135;0;0,0027;0;0,0019;0;0,0012;3,8663;9,0773;3,8663;4,653;4,2542;3,0854;0;3,1586
0,0057000965;0,0057000965;0,0194201171;1;0,0107;1;0,0068;0;0,0049;0;0,004;0,1832;0,2309;0,1832;1;0,3751;0;0,0781;0;0,0047;0;0,0012;3,9526;9,721;3,9526;0,0039;0,0084;0,0014;0;0,0085
0,0057009459;0,0057009459;0,0183717012;1;0,0069;1;0,0105;0;0,0052;0;0,0045;0,1832;0,1832;0,1882;0;0,0016;0;0,0084;0;0,0022;0;0,0018;3,9897;6,7584;3,9897;2,7608;2,2608;0,0205;0;0,0106
0,0057009459;0,0057009459;0,0337969363;1;0,0068;1;0,0063;0;0,0056;0;0,0048;0,1833;0,2016;0,1833;0;0,008;0;0,0031;0;0,0012;0;0,0005;4,0031;5,688;4,0031;0,0142;0,0155;0,0045;0;0,0032
0,0060001016;0,0060001016;0,0220522583;1;0,0071;0;0,0059;0;0,0059;0;0,0051;0,1833;0,1833;0,2204;1;0,3658;0;0,0061;0;0,0013;0;0,0019;4,0233;13,8817;4,0233;4,7373;4,3096;3,8832;0;3,6721
0,0060001016;0,0060001016;0,017551437;1;0,0135;1;0,0105;1;0,0084;0;0,0043;0,1852;0,1852;0,255;0;0,0025;0;0,0036;0;0,0015;0;0,0012;4,0693;14,0061;4,0693;4,4558;3,5269;0,013;0;3,0686
0,0060001016;0,0060001016;0,0193219781;1;0,0112;0;0,0054;0;0,0047;0;0,0043;0,1862;0,1862;0,1869;0;0,1664;0;0,0085;0;0,0011;0;0,0065;4,0736;8,606;4,0736;3,4892;0,0333;0,0094;0;0,0032
0,0060001016;0,0060001016;0,0166381001;1;0,0081;0;0,0056;0;0,005;0;0,0053;0,1863;0,2143;0,1863;0;0,0067;0;0,0075;0;0,0029;0;0,0109;4,0737;10,7446;4,0737;4,554;3,3042;2,1734;0;2,6753
0,0060001016;0,0060001016;0,0234560668;1;0,0077;0;0,0057;0;0,0047;0;0,004;0,1863;0,1863;0,1949;0;0,0023;0;0,0106;0;0,0035;0;0,0011;4,0962;9,6958;4,0962;2,1987;2,0362;0,0092;0;0,0194
0,0060001016;0,0060001016;0,0374126136;0;0,006;0;0,0047;0;0,004;0;0,0041;0,187;0,206;0,187;0;0,0033;0;0,0084;0;0,0037;0;0,0012;4,1106;8,5433;4,1106;5,0615;0,009;0,0734;0;4,0185
0,0060001016;0,0060001016;0,0220423937;1;0,0077;1;0,0064;0;0,0055;0;0,0041;0,1874;0,2071;0,1874;1;0,2743;0;0,0086;0;0,0282;0;0,0011;4,1107;6,5645;4,1107;5,0432;4,804;4,3134;0;3,7512
0,0060009956;0,0060009956;0,0212260485;1;0,0074;1;0,0076;0;0,006;0;0,0039;0,1874;0,1998;0,1874;0;0,002;0;0,0008;0;0,0015;0;0,0017;4,1242;15,9814;4,1242;3,4357;2,8382;2,3321;0;0,0413
0,0060009956;0,0060009956;0,0297050476;1;0,0086;1;0,008;1;0,0071;0;0,006;0,1882;0,1882;0,1942;0;0,003;0;0,0015;0;0,0075;0;0,0009;4,1253;7,1514;4,1253;1,5334;1,371;1,2615;0;0,0273
0,0060009956;0,0060009956;0,0167788863;1;0,0072;0;0,0059;0;0,0035;0;0,0026;0,189;0,204;0,189;0;0,0235;0;0,003;0;0,0014;0;0,0041;4,1691;6,5491;4,1691;0,003;1,8755;0,014;0;2,0606
0,0060009956;0,0060009956;0,0340793133;0;0,005;0;0,0052;0;0,0047;0;0,0042;0,1899;0,1899;0,2409;0;0,0057;0;0,0012;0;0,0032;0;0,004;4,2011;7,8135;4,2011;2,6534;2,4103;0,024;0;0,007
0,0060009956;0,0060009956;0,0214814246;1;0,0125;1;0,0107;1;0,0089;0;0,0037;0,1902;0,1902;0,2824;0;0,0031;1;0,2225;1;0,2197;0;0,0045;4,2175;14,0413;4,2175;3,9146;3,5194;0,5325;0;2,8908
0,0060009956;0,0060009956;0,0206858665;0;0,0047;0;0,0029;0;0,0029;0;0,0022;0,1919;0,2279;0,1919;1;0,4901;0;0,006;0;0,0022;0;0,0051;4,2176;5,7427;4,2176;1,7877;0,0163;0,0008;0;0,004
0,0063001066;0,0063001066;0,0320133567;1;0,0127;1;0,0082;1;0,0086;1;0,0077;0,1942;0,1942;0,3024;0;0,0068;0;0,0018;0;0,0029;0;0,0015;4,2218;7,1256;4,2218;3,3349;0,0242;2,3791;0;0,0118
0,0063001066;0,0063001066;0,0234014094;1;0,0152;1;0,0124;1;0,0098;1;0,0074;0,195;0,2128;0,195;0;0,0022;0;0,0012;0;0,0037;0;0,0008;4,2414;7,5095;4,2414;1,247;0,0186;0,0066;0;0,0084
0,0063001066;0,0063001066;0,0188058615;1;0,0175;1;0,0139;1;0,0136;1;0,012;0,1959;0,1959;0,2456;0;0,0021;1;0,2414;1;0,1966;0;0,0008;4,2833;7,9434;4,2833;1,478;0,0087;0,0078;0;0,009
0,0063001066;0,0063001066;0,017460376;1;0,01;1;0,0079;1;0,0076;1;0,0066;0,1966;0,2136;0,1966;0;0,0065;0;0,0033;0;0,0084;0;0,0047;4,2872;6,6977;4,2872;2,6718;2,5298;2,0444;0;1,302
0,0063001066;0,0063001066;0,0310952067;1;0,0133;1;0,0104;0;0,0006;1;0,0081;0,1968;0,1968;0,2508;0;0,0066;0;0,012;0;0,0056;0;0,0031;4,288;5,6647;4,288;1,6654;0,0867;0,0044;0;0,0077
0,0063001066;0,0063001066;0,0244761109;1;0,0159;1;0,0108;1;0,0073;0;0,0057;0,2003;0,2081;0,2003;0;0,0024;0;0,0013;0;0,0038;0;0,0012;4,3141;7,1819;4,3141;1,6696;1,1814;1,4399;0;0,8235
0,0063001066;0,0063001066;0,0183283091;1;0,0093;1;0,0085;0;0,0063;1;0,0069;0,2021;0,2137;0,2021;1;0,2171;0;0,0039;0;0,0012;0;0,0092;4,3223;6,137;4,3223;0,0373;1,7493;0,0053;0;0,0112
0,0063001066;0,0063001066;0,0246648192;1;0,0068;1;0,0066;0;0,0059;0;0,0058;0,2036;0,2164;0,2036;0;0,0077;1;0,2462;0;0,0023;0;0,0035;4,3643;7,4865;4,3643;1,2419;0,0041;0,0045;0;0,9141
0,0063001066;0,0063001066;0,0233026445;1;0,0074;0;0,0046;0;0,0044;0;0,004;0,2049;0,2049;0,2569;0;0,0029;0;0,0033;0;0,0047;0;0,0018;4,3723;8,4644;4,3723;0,0031;0,0035;0,0016;0;0,0011
0,0063010454;0,0063010454;0,0225866139;1;0,0072;0;0,0042;0;0,0045;0;0,0037;0,2083;0,2083;0,2652;0;0,0038;0;0,0037;0;0,0041;0;0,0021;4,3743;5,8678;4,3743;0,0095;0,0117;0,2849;0;0,0074
0,0066001117;0,0066001117;0,0203427672;1;0,0095;1;0,0074;1;0,0067;0;0,006;0,2085;0,2085;0,2255;0;0,0039;0;0,0018;0;0,0019;0;0,0064;4,4079;9,1279;4,4079;2,0929;1,6844;0,0145;0;0,0107
0,0066001117;0,0066001117;0,0229893029;1;0,0081;0;0,0054;0;0,0042;0;0,0039;0,2095;0,3744;0,2095;0;0,0055;0;0,0032;0;0,0541;0;0,0014;4,4348;6,8708;4,4348;0,0198;0,0058;0,0021;0;0,0067
0,0066001117;0,0066001117;0,0202174187;1;0,0135;1;0,0109;1;0,0092;0;0,0066;0,2114;0,2114;0,2344;1;0,4371;1;0,3738;0;0,0672;0;0,0024;4,4433;6,4842;4,4433;0,0032;1,4191;0,003;0;0,0052
0,0066001117;0,0066001117;0,0187877566;1;0,0121;0;0,0065;0;0,0066;0;0,004;0,2118;0,2118;0,2227;0;0,004;0;0,0047;0;0,003;1;0,2563;4,4691;6,1289;4,4691;0,0129;0,0194;0,0012;0;0,0023
0,0066001117;0,0066001117;0,0239818096;0;0,0064;1;0,0077;0;0,0052;0;0,0045;0,2133;0,3208;0,2133;1;0,8049;1;0,7592;0;0,0093;0;0,0062;4,4884;19,4484;4,4884;8,2387;7,6673;5,6945;1;4,8792
0,0066001117;0,0066001117;0,0258859098;1;0,0116;1;0,0098;1;0,0087;1;0,0078;0,2148;0,2717;0,2148;1;0,3929;1;0,3938;0;0,0538;1;0,2974;4,5032;10,3877;4,5032;4,8103;4,4912;0,0031;0;3,5912
0,0066001117;0,0066001117;0,0235314369;1;0,0227;1;0,016;1;0,0084;1;0,0068;0,2149;0,2272;0,2149;0;0,0018;0;0,0075;0;0,0033;0;0,0014;4,5068;12,1193;4,5068;4,2526;4,1808;3,5063;0;0,0199
0,0066001117;0,0066001117;0,026756689;1;0,0161;1;0,014;1;0,0099;1;0,0085;0,2153;0,2314;0,2153;0;0,0055;0;0,0017;0;0,0021;0;0,001;4,5081;17,0213;4,5081;6,8117;0,0094;4,3755;0;4,1845
0,0066001117;0,0066001117;0,0209570527;1;0,0115;1;0,0098;1;0,0068;0;0,0055;0,216;0,216;0,241;0;0,0019;0;0,0015;0;0,0014;0;0,0011;4,5284;17,7091;4,5284;4,6774;0,0125;2,5019;0;2,709
0,0066001117;0,0066001117;0,0222023427;1;0,012;0;0,0038;0;0,0055;0;0,0043;0,2165;0,2165;0,2266;0;0,0028;0;0,0032;0;0,0073;0;0,0178;4,5882;6,0121;4,5882;0,0091;0,0081;0,0072;0;0,0065
0,0066010952;0,0066010952;0,0234033465;1;0,0079;0;0,0066;0;0,006;0;0,006;0,2166;0,2486;0,2166;0;0,0189;0;0,001;0;0,0036;0;0,0021;4,5963;9,2146;4,5963;3,4956;3,0132;2,6613;0;0,0061
0,0066010952;0,0066010952;0,0189716071;1;0,0147;1;0,0108;1;0,0075;0;0,0051;0,2166;0,2425;0,2166;0;0,0046;0;0,0041;0;0,0054;0;0,0036;4,6104;8,7651;4,6104;0,0088;0,0154;0,0059;0;0,0075
0,0066010952;0,0066010952;0,0271535516;1;0,0088;1;0,0085;1;0,007;0;0,0056;0,2167;0,2262;0,2167;0;0,0058;0;0,0021;0;0,0011;0;0,0014;4,6722;7,255;4,6722;3,9638;0,0204;0,0362;0;0,0025
0,0069001168;0,0069001168;0,0308921039;1;0,0121;1;0,01;1;0,0075;1;0,008;0,217;0,2364;0,217;1;0,3828;1;0,3147;0;0,0026;0;0,0015;4,6834;8,1168;4,6834;3,9467;0,0258;3,465;0;3,2975
0,0069001168;0,0069001168;0;1;0,0243;1;0,0235;1;0,0203;1;0,0157;0,22;0,22;0,3084;0;0,1294;1;0,4662;0;0,0163;0;0,0024;4,6983;6,3314;4,6983;0,0018;0,0058;0,0038;0;0,1527
0,0069001168;0,0069001168;0,0217972994;1;0,0166;1;0,017;1;0,0153;1;0,0128;0,2208;0,2208;0,2283;1;0,4367;0;0,0041;0;0,0085;0;0,012;4,7116;16,4367;4,7116;4,1615;3,4718;3,2866;0;1,9047
0,0069001168;0,0069001168;0,0228461325;1;0,0107;1;0,0082;0;0,0066;0;0,0062;0,2209;0,4044;0,2209;1;0,6935;0;0,0058;0;0,0014;0;0,0041;4,7167;10,0644;4,7167;3,0757;0,0489;2,4764;0;2,0759
0,0069001168;0,0069001168;0,0225647688;1;0,0125;1;0,0074;1;0,0077;0;0,0061;0,2212;0,2212;0,2655;0;0,0092;1;0,3221;0;0,0017;0;0,0045;4,7288;8,0382;4,7288;4,2197;0,019;1,907;0;2,0725
0,0069001168;0,0069001168;0,0301330388;1;0,0102;1;0,0086;1;0,0078;0;0,0067;0,2215;0,2353;0,2215;0;0,0115;0;0,0025;0;0,0023;0;0,0014;4,7657;6,734;4,7657;3,5741;3,4155;0,0055;0;0,7635
0,0069001168;0,0069001168;0,0348970741;1;0,0115;1;0,009;1;0,0091;1;0,0073;0,222;0,222;0,2658;0;0,0054;0;0,0073;0;0,0154;0;0,0048;4,8692;8,2257;4,8692;1,4273;0,0039;0,0031;0;0,8942
0,0069001168;0,0069001168;0,022698015;1;0,0137;1;0,0125;0;0,0019;1;0,0095;0,2233;0,2233;0,2444;0;0,004;0;0,009;0;0,0141;0;0,0021;4,8701;10,3863;4,8701;2,3593;2,1074;1,9382;0;1,8496
0,0069001168;0,0069001168;0,0330346674;1;0,0093;1;0,0075;1;0,0077;0;0,0067;0,2234;0,2442;0,2234;0;0,0033;0;0,0134;0;0,0032;0;0,0014;4,8717;7,9331;4,8717;0,0081;0,041;2,1693;0;0,0212
0,0069001168;0,0069001168;0,0196725726;1;0,0121;1;0,0115;1;0,0088;1;0,0076;0,2279;0,2735;0,2279;0;0,0016;0;0,0286;0;0,0148;0;0,001;4,9113;11,9029;4,9113;3,8535;3,5368;3,0813;0;0,0629
0,0069001168;0,0069001168;0,0194154978;1;0,0157;1;0,0164;1;0,0156;1;0,0122;0,2281;0,262;0,2281;1;0,3806;1;0,355;1;0,3336;0;0,0024;4,9642;6,3283;4,9642;0,3863;0,0134;0,9337;0;0,0034
0,0069001168;0,0069001168;0,0320349634;1;0,0154;1;0,0119;1;0,0113;1;0,01;0,2282;0,2857;0,2282;0;0,0029;0;0,0036;0;0,0022;0;0,0016;4,9818;14,2405;4,9818;0,0088;3,468;3,0458;0;0,0032
0,0069001168;0,0069001168;0,0231235325;1;0,0131;1;0,0117;1;0,0107;1;0,0103;0,2286;0,2286;0,362;0;0,0085;1;0,2568;0;0,0123;0;0,0093;5,0077;14,3401;5,0077;4,2444;4,5182;0,0072;0;3,4884
0,006901145;0,006901145;0,0449797213;1;0,0122;1;0,0126;1;0,0095;1;0,0081;0,2303;0,2303;0,3406;0;0,0046;0;0,0115;0;0,0281;0;0,0031;5,0237;8,652;5,0237;1,942;1,9775;0,0108;0;0,0413
0,006901145;0,006901145;0,0247119963;1;0,0187;1;0,0185;1;0,0166;1;0,0154;0,2305;0,2305;0,4027;1;0,294;0;0,0126;0;0,0135;0;0,0107;5,0595;7,3297;5,0595;0,005;0,0098;0,007;0;0,008
0,0072001219;0,0072001219;0,0224627554;1;0,02;1;0,0145;1;0,0097;0;0,0068;0,2312;0,2564;0,2312;1;0,3433;0;0,0022;0;0,0018;0;0,0174;5,1497;10,0136;5,1497;4,0915;3,8406;2,8169;0;0,0069
0,0072001219;0,0072001219;0,0260033906;1;0,0109;0;0,0054;0;0,0058;0;0,0044;0,2312;0,2312;0,2527;1;0,4241;0;0,0034;0;0,0274;0;0,003;5,1572;5,3362;5,1572;0,006;0,0065;0,0051;0;0,0106
0,0072001219;0,0072001219;0,0238608718;1;0,0142;1;0,012;1;0,0109;1;0,0093;0,2314;0,2314;0,2495;0;0,0054;0;0,0072;0;0,004;0;0,0015;5,1644;7,3744;5,1644;0,007;0,0138;0,0704;0;0,0086
0,0072001219;0,0072001219;0,0202337503;1;0,0162;1;0,0139;1;0,0126;1;0,0109;0,2322;0,2322;0,357;0;0,0176;0;0,0128;0;0,0046;0;0,0058;5,1834;5,829;5,1834;2,2075;0,0046;0,0094;0;0,0018
0,0072001219;0,0072001219;0,0293980837;1;0,0138;1;0,0106;1;0,0096;1;0,0088;0,2333;0,2333;0,243;0;0,0086;0;0,0019;0;0,0065;0;0,0123;5,1947;19,681;5,1947;8,7911;7,168;7,1627;1;6,2838
0,0072011948;0,0072011948;0,0223871469;1;0,01;0;0,0056;0;0,0062;0;0,0055;0,2334;0,2761;0,2334;0;0,0121;0;0,002;0;0,0024;0;0,0002;5,228;7,5673;5,228;0,008;0,0147;0,3739;0;0,0209
0,0072011948;0,0072011948;0,0265465081;1;0,0116;1;0,0105;1;0,0085;0;0,0069;0,2334;0,2365;0,2334;0;0,0096;1;0,386;0;0,0025;0;0,006;5,2333;10,7635;5,2333;2,2316;0,007;1,756;0;1,5975
0,007500127;0,007500127;0,0219658911;1;0,0112;1;0,0112;1;0,0099;1;0,0092;0,234;0,2678;0,234;0;0,0056;0;0,0145;0;0,0034;0;0,0303;5,2522;10,7266;5,2522;4,5873;0,0292;0,0059;0;0,0053
0,007500127;0,007500127;0,0343016237;1;0,0119;1;0,01;0;0,0064;0;0,0061;0,234;0,234;0,3661;0;0,0053;0;0,0032;0;0,0015;0;0,0033;5,2531;7,9202;5,2531;3,097;2,6776;0,0064;0;2,0458
0,007500127;0,007500127;0,0267522931;1;0,0134;1;0,0102;1;0,0096;0;0,0073;0,234;0,2718;0,234;1;0,613;1;0,8078;0;0,0028;0;0,0023;5,2952;8,2418;5,2952;1,7676;1,7115;1,5483;0;1,5117
0,007500127;0,007500127;0,0199815929;1;0,0169;1;0,0124;0;0,0069;0;0,0038;0,2343;0,2499;0,2343;1;0,5645;0;0,0041;1;0,3786;0;0,0005;5,3006;7,3725;5,3006;1,368;0,0048;0,0185;0;0,7675
0,007500127;0,007500127;0,0235739201;1;0,009;1;0,0097;1;0,0081;0;0,0069;0,2359;0,2359;0,2876;1;0,8151;0;0,0057;0;0,0047;0;0,0011;5,3108;13,7608;5,3108;5,2073;5,6654;0,0356;0;0,0547
0,007500127;0,007500127;0,0293560773;1;0,0101;1;0,0105;1;0,0078;0;0,0065;0,2365;0,2365;0,2494;0;0,011;0;0,0045;0;0,0095;1;0,2929;5,3224;9,1689;5,3224;4,1797;3,9687;0,0193;0;0,0052
0,007500127;0,007500127;0,0210131705;0;0,0054;0;0,0067;0;0,0047;0;0,0043;0,2372;0,4033;0,2372;0;0,009;0;0,0192;0;0,006;0;0,004;5,3274;11,4969;5,3274;0,0217;2,3319;0,0053;0;0,0246
0,007800132;0,007800132;0,0176627487;1;0,0223;1;0,0144;1;0,0153;1;0,0107;0,2377;0,2377;0,2431;0;0,0147;1;0,7406;0;0,0062;0;0,1751;5,3497;9,9708;5,3497;5,21;0,0039;1,8513;0;3,5192
0,007800132;0,007800132;0,0288262367;1;0,0147;1;0,0145;1;0,0111;1;0,0112;0,2408;0,2408;0,3171;0;0,0086;0;0,0094;0;0,0046;0;0,0024;5,3643;6,8179;5,3643;1,8434;1,5993;1,3963;0;1,365
0,007800132;0,007800132;0,0243303776;1;0,0114;1;0,0095;1;0,0087;0;0,0062;0,2411;0,2612;0,2411;1;0,4278;0;0,0047;0;0,0126;0;0,0057;5,3773;16,6258;5,3773;5,4049;4,4375;0,0191;0;0,0231
0,007800132;0,007800132;0,0237109065;1;0,0194;1;0,018;1;0,0125;1;0,0123;0,2421;0,2421;0,3222;1;0,6407;0;0,0069;1;0,5701;0;0,01;5,4185;12,1003;5,4185;7,7461;8,1814;6,7889;1;6,5632
0,007800132;0,007800132;0,0228144228;1;0,0163;1;0,0134;1;0,0126;1;0,0106;0,2428;0,2428;0,2614;1;0,6221;0;0,005;1;0,549;0;0,0037;5,4397;8,4902;5,4397;0,0041;2,0686;0,0093;0;0,0053
0,007800132;0,007800132;0,0186626911;1;0,0118;1;0,0106;1;0,0083;0;0,0053;0,2456;0,2456;0,2957;1;0,6699;0;0,004;0;0,004;0;0,0022;5,4556;11,242;5,4556;2,4998;1,781;0,0182;0;0,0095
0,0078012943;0,0078012943;0,0360158384;1;0,0126;1;0,0118;1;0,0098;1;0,0096;0,2483;0,2483;0,2499;0;0,0019;0;0,0089;0;0,0064;0;0,0098;5,4882;15,8565;5,4882;7,7735;7,0934;6,3447;1;5,6627
0,0078012943;0,0078012943;0,023186028;1;0,0156;1;0,0136;1;0,0126;1;0,01;0,2491;0,2641;0,2491;0;0,0051;0;0,0081;0;0,0011;0;0,0328;5,5256;11,891;5,5256;4,0047;3,7677;3,4274;0;0,0119
0,0081001371;0,0081001371;0,021700114;1;0,0127;1;0,0135;0;0,0073;0;0,0066;0,2492;0,2911;0,2492;0;0,0016;0;0,0034;0;0,001;0;0,0085;5,5508;12,1375;5,5508;4,1994;3,658;0,0116;0;0,0049
0,0081001371;0,0081001371;0,024897635;1;0,0151;1;0,0135;1;0,0143;1;0,0105;0,2499;0,2499;0,3634;1;0,2853;1;0,2615;0;0,0243;0;0,0018;5,5636;15,2872;5,5636;5,2638;4,7579;1,5533;0;4,1734
0,0081001371;0,0081001371;0,020981878;1;0,0122;1;0,0104;1;0,0095;1;0,0087;0,2525;0,2525;0,2549;0;0,0037;0;0,0048;0;0,0016;0;0,0017;5,5845;8,1795;5,5845;0,0057;0,0117;0,0226;0;0,0225
0,0081001371;0,0081001371;0,0334987789;1;0,0217;1;0,0165;1;0,0177;1;0,0134;0,2537;0,257;0,2537;0;0,0054;0;0,0018;0;0,0017;0;0,0022;5,6174;10,5996;5,6174;7,4873;6,3935;5,0265;0;4,8894
0,0081001371;0,0081001371;0,0206763148;0;0,0074;0;0,0062;0;0,0054;0;0,0041;0,2545;0,3318;0,2545;0;0,0019;0;0,0019;0;0,0031;0;0,0022;5,6779;7,9723;5,6779;0,0085;0,0062;0,0098;0;0,0093
0,0081001371;0,0081001371;0,0406856835;1;0,0099;1;0,0111;1;0,01;0;0,0077;0,2556;0,2556;0,2568;0;0,0069;1;0,4727;0;0,0008;1;0,4802;5,6918;6,9151;5,6918;3,4452;0,031;0,0256;0;2,2887
0,0081013441;0,0081013441;0,0251806378;1;0,0206;1;0,0139;0;0,0078;1;0,0085;0,2562;0,2665;0,2562;0;0,0211;0;0,0095;0;0,0052;0;0,0025;5,7527;10,5;5,7527;3,1602;2,2363;0,0122;0;2,34
0,0081013441;0,0081013441;0,0338982642;1;0,0252;1;0,0154;1;0,0192;1;0,014;0,2574;0,2574;0,4494;0;0,0081;0;0,0052;0;0,0077;0;0,0031;5,8451;8,5472;5,8451;0,0091;2,5278;2,1766;0;1,7587
0,0084001422;0,0084001422;0,0240991861;1;0,0142;1;0,0129;1;0,0124;1;0,0111;0,2592;0,2592;0,4079;0;0,022;0;0,0034;0;0,0032;0;0,006;5,8502;7,5479;5,8502;4,9423;4,471;0,0115;0;0,0204
0,0084001422;0,0084001422;0,0279650092;1;0,0191;1;0,0172;1;0,0154;1;0,0131;0,2611;0,2611;0,349;0;0,0021;0;0,0062;0;0,0035;0;0,0026;5,8819;11,0951;5,8819;6,5024;6,4298;0,0171;0;5,0467
0,0084001422;0,0084001422;0,0257364511;1;0,0159;1;0,0142;1;0,013;1;0,0116;0,2639;0,2639;0,2747;0;0,0149;0;0,0198;0;0,0027;0;0,0033;5,8834;10,4322;5,8834;5,4122;4,4067;3,9983;0;0,0055
0,0084013939;0,0084013939;0,0255134106;1;0,014;1;0,0112;1;0,0098;1;0,0085;0,2644;0,2644;0,2988;0;0,0313;0;0,0104;1;0,381;0;0,0029;5,9138;9,041;5,9138;2,9132;2,3333;0,0344;0;2,0007
0,0087001473;0,0087001473;0,0362942517;1;0,0253;1;0,0198;1;0,0197;1;0,0152;0,2657;0,3118;0,2657;1;0,8753;0;0,0109;0;0,0049;0;0,0024;5,9288;6,7714;5,9288;1,3843;0,0096;0,0017;0;0,011
0,0087001473;0,0087001473;0,0243104696;1;0,0144;1;0,0153;1;0,0163;1;0,0128;0,2672;0,2979;0,2672;0;0,0096;1;0,4178;1;0,4004;0;0,2274;5,9347;25,5289;5,9347;7,7899;7,0385;6,5846;1;6,2448
0,0087001473;0,0087001473;0,0316442251;1;0,0131;1;0,0134;1;0,0106;0;0,008;0,2679;0,2778;0,2679;0;0,0113;0;0,0131;0;0,0525;0;0,009;5,9358;10,2002;5,9358;1,6126;1,3193;1,4183;0;1,2089
0,0087001473;0,0087001473;0,0279999673;1;0,0146;1;0,017;1;0,0131;1;0,0121;0,268;0,2905;0,268;0;0,0027;0;0,0053;0;0,0038;0;0,013;5,9603;10,1716;5,9603;6,8632;5,5254;5,0491;0;4,5264
0,0087001473;0,0087001473;0,0344122648;1;0,0201;1;0,0164;1;0,0176;1;0,0142;0,2684;0,2924;0,2684;0;0,0045;0;0,0034;0;0,0022;0;0,0004;6,0004;10,0641;6,0004;2,9126;2,7629;2,3915;0;1,4328
0,0087001473;0,0087001473;0,0292374194;1;0,0121;1;0,0118;1;0,0115;1;0,0106;0,2713;0,2713;0,2737;1;0,4677;1;0,3031;0;0,0028;0;0,0019;6,014;6,014;6,8428;0,0117;4,4237;3,5692;0;2,365
0,0087001473;0,0087001473;0,0271067917;1;0,0153;1;0,0147;1;0,0138;1;0,0135;0,2719;0,2719;0,2732;0;0,0031;0;0,005;0;0,0049;0;0,0016;6,0404;11,2225;6,0404;3,6623;1,25;0,5867;0;0,0109
0,0087001473;0,0087001473;0,0339026004;1;0,0191;1;0,0167;1;0,0124;1;0,0124;0,272;0,272;0,3303;1;0,4817;0;0,0077;0;0,004;0;0,039;6,0569;10,89;6,0569;4,1699;3,5158;3,1653;0;2,6685
0,0087006688;0,0087006688;0,028622061;1;0,0216;1;0,02;1;0,0164;1;0,0145;0,2725;0,2725;0,3192;0;0,0024;0;0,0128;0;0,002;1;0,3706;6,096;13,0144;6,096;6,8494;6,4417;5,3841;0;4,75
0,0087006688;0,0087006688;0,0315049589;1;0,0227;1;0,0197;1;0,0171;1;0,016;0,2728;0,304;0,2728;0;0,0036;1;0,6805;0;0,0038;0;0,0009;6,1353;10,5682;6,1353;3,1206;2,4869;0,0058;0;2,0717
0,0090001523;0,0090001523;0,0237427354;1;0,0158;1;0,0139;1;0,0121;0;0,0069;0,2745;0,2951;0,2745;0;0,0033;0;0,0092;0;0,0117;0;0,0066;6,1889;12,3279;6,1889;5,5379;5,0101;0,0148;0;0,0066
0,0090001523;0,0090001523;0,0256156027;1;0,011;0;0,0084;0;0,0081;0;0,0073;0,275;0,275;0,3299;0;0,0124;0;0,0033;0;0,0079;0;0,0117;6,1907;9,373;6,1907;3,8239;0,0259;0,0482;0;0,0199
0,0090001523;0,0090001523;0,0430357754;1;0,0244;1;0,0241;1;0,0207;1;0,0157;0,2755;0,2755;0,3136;0;0,0031;0;0,0037;0;0,0029;0;0,0024;6,2293;9,8741;6,2293;2,6726;1,8266;0,0187;0;0,2815
0,0090001523;0,0090001523;0,0286848545;1;0,0211;1;0,0197;1;0,0162;1;0,0165;0,2759;0,3046;0,2759;0;0,0045;0;0,0016;0;0,0131;0;0,0034;6,2865;14,2869;6,2865;5,2764;0,0401;3,7825;0;3,5048
0,0090001523;0,0090001523;0,0359351933;1;0,0154;1;0,0122;1;0,0129;1;0,01;0,276;0,3094;0,276;1;0,8027;1;0,7414;1;0,6131;0;0,0295;6,3187;13,1499;6,3187;3,4985;2,8943;2,8394;0;0,0108
0,0090001523;0,0090001523;0,0299959183;1;0,0167;1;0,0142;1;0,0122;1;0,0115;0,2763;0,3678;0,2763;0;0,0036;0;0,0087;0;0,0028;0;0,0059;6,3286;7,4504;6,3286;3,3961;0,0108;2,4987;0;0,0244
0,0090001523;0,0090001523;0,0246676505;1;0,0162;1;0,0167;1;0,0154;1;0,0129;0,2777;0,2777;0,3143;0;0,0052;0;0,002;0;0,0026;0;0,0049;6,3584;12,3004;6,3584;6,1796;5,7177;4,5612;0;3,1262
0,0090001523;0,0090001523;0,0294032246;1;0,0128;1;0,0111;1;0,0093;0;0,0088;0,2787;0,3237;0,2787;0;0,0053;0;0,0012;0;0,0035;0;0,0046;6,3596;10,925;6,3596;3,0218;2,1153;0,0034;0;0,0123
0,0090001523;0,0090001523;0,0230194926;1;0,0243;1;0,0175;1;0,0168;1;0,0152;0,2789;0,3027;0,2789;1;0,9005;0;0,0027;0;0,0041;0;0,0041;6,398;8,6975;6,398;0,21;0,2211;0,7577;0;0,0093
0,0090014935;0,0090014935;0,0277038813;1;0,0133;1;0,0117;1;0,0099;1;0,0112;0,2796;0,2796;0,3027;0;0,0288;0;0,0012;0;0,0039;0;0,0027;6,4443;10,8617;6,4443;4,0824;3,5425;2,904;0;0,0109
0,0090014935;0,0090014935;0,0270372331;0;0,0066;1;0,013;0;0,0089;0;0,0081;0,2859;0,2859;0,3593;0;0,222;0;0,0278;0;0,0105;0;0,0229;6,4573;10,9339;6,4573;0,0077;1,5959;0,0108;0;0,0056
0,0090014935;0,0090014935;0,0203725547;1;0,0157;1;0,0113;1;0,0096;0;0,0084;0,2862;0,4016;0,2862;0;0,013;1;1,1564;0;0,0042;0;0,0284;6,4851;19,6146;6,4851;5,6517;4,5819;1,7339;0;3,7536
0,0090014935;0,0090014935;0,029946059;1;0,0151;1;0,0116;0;0,0075;0;0,0063;0,2863;0,2863;0,2924;1;0,6815;0;0,0277;0;0,0783;0;0,0048;6,5813;7,9115;6,5813;3,6647;3,2342;2,0596;0;2,2858
0,0090014935;0,0090014935;0,0280967355;1;0,0194;1;0,0174;1;0,0164;1;0,014;0,2877;0,3193;0,2877;0;0,0086;1;0,7689;0;0,0073;0;0,0037;6,5893;13,5054;6,5893;5,5645;4,7553;3,9197;0;3,8048
0,0090014935;0,0090014935;0,0331239998;1;0,0252;1;0,0236;1;0,0202;1;0,0188;0,2882;0,4004;0,2882;0;0,0093;0;0,0081;0;0,0048;0;0,0033;6,5986;8,0332;6,5986;4,7305;2,5255;0,0163;0;2,1385
0,0093001574;0,0093001574;0,0356043726;1;0,0253;1;0,0199;1;0,0129;1;0,0135;0,2906;0,3762;0,2906;0;0,0041;0;0,0323;0;0,0016;1;0,4053;6,611;8,1798;6,611;1,9386;0,0068;1,0937;0;1,1101
0,0093001574;0,0093001574;0,029612571;1;0,0149;1;0,0133;1;0,0121;0;0,009;0,291;0,291;0,2973;0;0,0131;0;0,0052;0;0,0093;0;0,006;6,6148;11,3151;6,6148;4,6264;4,2864;0,0136;0;0,0376
0,0093001574;0,0093001574;0,0367046297;1;0,0296;1;0,0158;1;0,0192;1;0,0119;0,2942;0,3087;0,2942;1;0,752;0;0,0038;1;0,7961;0;0,002;6,6395;12,7982;6,6395;0,0037;0,0193;0,1129;0;2,3212
0,0093001574;0,0093001574;0,0305118859;1;0,0163;1;0,0179;1;0,0168;1;0,0138;0,2943;0,2943;0,3375;0;0,0296;1;0,5671;0;0,0029;0;0,2714;6,6721;14,4801;6,6721;6,037;6,0878;0,0469;0;4,6203
0,0093001574;0,0093001574;0,0284841508;1;0,0285;1;0,0169;1;0,0138;1;0,011;0,2953;0,2953;0,3517;0;0,0211;0;0,0023;1;0,3688;0;0,0079;6,7751;9,4932;6,7751;5,8308;5,0712;4,4821;0;4,432
0,0093001574;0,0093001574;0,0376700461;1;0,0183;1;0,0205;1;0,0172;1;0,0144;0,2978;0,2978;0,3149;0;0,0018;0;0,0053;0;0,0056;0;0,0036;6,7981;11,7601;6,7981;3,6107;3,702;3,3675;0;2,7943
0,0096001625;0,0096001625;0,0362189114;1;0,0309;1;0,0263;1;0,0257;1;0,0185;0,2994;0,2994;0,3166;0;0,1521;0;0,0438;0;0,0094;0;0,0054;6,804;11,99;6,804;3,7277;2,9653;0,0629;0;0,0067
0,0096001625;0,0096001625;0,0387631655;1;0,0274;1;0,0276;1;0,0262;1;0,0225;0,3029;0,3073;0,3029;0;0,0025;0;0,0424;0;0,0067;0;0,0114;6,8393;10,6813;6,8393;4,4731;0,0077;0,0055;0;2,4768
0,009601593;0,009601593;0,0314808637;1;0,0242;1;0,0219;1;0,0197;1;0,0162;0,3076;0,3076;0,3366;0;0,0357;0;0,0048;0;0,0053;0;0,0047;6,8699;9,7909;6,8699;2,7545;2,2268;1,5219;0;0,92
0,0099001676;0,0099001676;0,028010875;1;0,024;1;0,0228;1;0,0199;1;0,0123;0,3078;0,3078;0,327;1;0,8389;0;0,0051;0;0,0043;0;0,0043;6,8844;12,0255;6,8844;3,4218;2,8049;0,0059;0;0,0095
0,0099001676;0,0099001676;0,0278122127;1;0,022;1;0,0215;1;0,0178;1;0,0152;0,3087;0,3087;0,32;1;0,8726;0;0,0102;0;0,0283;1;0,6628;6,9109;16,4992;6,9109;3,3225;0,0133;0,0088;0;0,1775
0,0099001676;0,0099001676;0,0239179805;1;0,0162;1;0,013;0;0,0091;0;0,0037;0,3105;0,3466;0,3105;0;0,0751;1;0,6504;0;0,0116;0;0,0013;6,958;17,6183;6,958;0,0203;0,0181;2,286;0;0,0032
0,0099001676;0,0099001676;0,0261491835;1;0,0117;1;0,0108;1;0,01;0;0,0087;0,312;0,312;0,3376;0;0,0372;1;0,6427;0;0,0125;1;0,494;6,9757;13,5707;6,9757;6,4851;5,381;4,3798;0;3,905
0,0099001676;0,0099001676;0,0283068419;1;0,0124;0;0,0077;1;0,0103;0;0,0068;0,3125;0,3125;0,3192;1;0,417;0;0,0202;0;0,0312;1;0,572;7,0149;12,4288;7,0149;6,3259;4,843;4,8523;0;0,0829
0,0099001676;0,0099001676;0,0283178091;1;0,011;0;0,0078;0;0,0083;0;0,0075;0,3139;0,3139;0,4992;1;1,1564;0;0,0167;0;0,0026;0;0,0062;7,0283;17,2008;7,0283;4,0211;3,6052;0,0399;0;3,0233
0,0099016428;0,0099016428;0,0243771672;1;0,0166;1;0,0133;1;0,0142;1;0,0103;0,3141;0,3297;0,3141;1;0,7987;0;0,0279;0;0,0083;0;0,1027;7,0378;14,8075;7,0378;2,5676;0,0129;0,0267;0;0,0067
0,0099016428;0,0099016428;0,0356707424;0;0,0027;1;0,0141;1;0,015;1;0,0143;0,315;0,3448;0,315;0;0,0031;0;0,0027;1;0,4308;1;0,3227;7,0477;10,3216;7,0477;5,5625;4,5318;4,43;0;4,1204
0,0101996958;0,0101996958;0,0249236226;1;0,0148;1;0,0144;1;0,0125;1;0,0121;0,3153;0,3153;0,3356;1;0,9153;0;0,0295;0;0,0011;1;0,7849;7,061;11,8359;7,061;3,7558;0,1542;3,5593;0;0,0055
0,0102001727;0,0102001727;0,026791811;1;0,0139;1;0,0134;1;0,0139;1;0,0118;0,3167;0,3167;0,3785;0;0,0189;0;0,0038;0;0,0055;0;0,0036;7,0906;10,3091;7,0906;1,8294;2,2159;0,1399;0;1,647
0,0102001727;0,0102001727;0,0260488689;1;0,0172;1;0,0162;1;0,0145;1;0,0137;0,3174;0,3174;0,3441;0;0,0091;0;0,0034;0;0,0034;0;0,0255;7,1958;20,1251;7,1958;0,0084;0,0157;0,014;0;0,0261
0,0102001727;0,0102001727;0,025936991;1;0,0223;1;0,0212;1;0,0195;1;0,0156;0,3177;0,3177;0,3257;0;0,0111;0;0,0103;0;0,0012;0;0,0026;7,2149;9,6738;7,2149;2,1942;0,0303;0,0054;0;0,0912
0,0102001727;0,0102001727;0,0314978361;1;0,0228;1;0,0224;1;0,0188;1;0,0175;0,318;0,318;0,5275;0;0,006;0;0,0108;0;0,0054;0;0,0067;7,2537;13,4311;7,2537;2,2587;1,84;0,0055;0;0,0152
0,0102016926;0,0102016926;0,040355131;0;0,0094;0;0,0019;0;0,0081;0;0,0075;0,3198;0,4185;0,3198;0;0,0136;0;0,0049;0;0,0024;0;0,0029;7,2779;12,0794;7,2779;5,5006;4,8438;3,725;0;3,8562
0,0102016926;0,0102016926;0,0329966843;1;0,0359;1;0,0314;1;0,021;1;0,0222;0,3244;0,3244;0,3352;0;0,0155;0;0,021;0;0,027;0;0,0037;7,3032;13,1148;7,3032;4,1539;4,4324;3,8863;0;3,4196
0,0102016926;0,0102016926;0,0283652246;1;0,0126;1;0,0115;0;0,0084;0;0,0086;0,3247;0,3684;0,3247;0;0,0095;0;0,0279;1;0,5039;0;0,0124;7,3289;14,9739;7,3289;4,4498;3,2651;0,0119;0;2,6528
0,0105001777;0,0105001777;0,0233083665;1;0,0193;1;0,0179;0;0,0012;1;0,0154;0,3248;0,3248;0,3248;1;0,5939;0;0,0016;1;0,4667;0;0,0143;7,3396;11,5597;7,3396;3,9741;0,0576;0,0184;0;0,0083
0,0105001777;0,0105001777;0,0316738188;1;0,019;0;0,0035;1;0,0165;1;0,016;0,3269;0,5076;0,3269;0;0,0254;0;0,0784;0;0,2916;0;0,0557;7,3407;12,1605;7,3407;3,0154;0,0156;0,4431;0;0,0124
0,0105001777;0,0105001777;0,0333104506;1;0,0209;1;0,0203;1;0,0173;1;0,014;0,3275;0,4209;0,3275;0;0,005;0;0,0106;0;0,0086;1;0,6052;7,402;15,7251;7,402;7,1201;0,0201;0,009;0;0,0359
0,0105001777;0,0105001777;0,0281186402;1;0,0278;1;0,0237;1;0,0222;1;0,0197;0,3277;0,3833;0,3277;0;0,0097;0;0,0082;1;0,8551;0;0,013;7,4206;15,8237;7,4206;0,1046;3,8279;0,0611;0;2,3713
0,0105001777;0,0105001777;0,0273432434;1;0,0154;1;0,015;1;0,0137;1;0,0134;0,3296;0,3474;0,3296;0;0,0233;0;0,0032;0;0,0054;0;0,3142;7,4344;8,7764;7,4344;4,7474;0,0271;0,0533;0;0,0267
0,0105001926;0,0105001926;0,0283359289;0;0,0034;1;0,0176;1;0,0172;1;0,0152;0,3299;0,3299;0,3567;1;0,3701;1;0,4062;0;0,0053;0;0,0017;7,5034;8,0687;7,5034;4,589;0,0119;0,0061;0;0,0665
0,0105017424;0,0105017424;0,0374029726;0;0,0037;1;0,0168;1;0,013;1;0,0116;0,3308;0,3308;0,3593;0;0,0052;0;0,0216;0;0,0028;0;0,0011;7,5092;13,1436;7,5092;3,3836;2,873;2,007;0;2,4524
0,0105017424;0,0105017424;0,0330862999;1;0,0154;1;0,016;1;0,014;1;0,0127;0,3311;0,3657;0,3311;0;0,0101;0;0,0525;0;0,004;0;0,0043;7,606;11,9872;7,606;5,391;0,0445;4,1507;0;3,8428
0,0108001828;0,0108001828;0,0230982602;1;0,0266;1;0,0227;1;0,0179;1;0,0165;0,3316;0,3316;0,3797;0;0,0045;0;0,0011;1;0,4824;0;0,0065;7,6073;11,0347;7,6073;5,82;5,3444;0,0488;0;4,9657
0,0108001828;0,0108001828;0,0316288322;1;0,0245;1;0,0211;1;0,0217;1;0,0192;0,3329;0,4731;0,3329;1;0,907;0;0,0019;0;0,0156;0;0,0021;7,6204;11,417;7,6204;0,0066;2,8418;0,0256;0;0,0048
0,0108001828;0,0108001828;0,0393070281;1;0,0235;1;0,0184;1;0,019;1;0,016;0,334;0,334;0,4653;0;0,0055;1;0,9271;0;0,0024;0;0,0081;7,6502;18,4606;7,6502;5,1899;4,0407;4,1774;0;3,959
0,0108017921;0,0108017921;0,0655121505;1;0,0229;1;0,0212;1;0,0198;1;0,0195;0,3347;0,3997;0,3347;1;0,5737;0;0,0073;0;0,0329;0;0,0065;7,703;13,4938;7,703;8,2603;7,4923;6,1505;0;0,0161
0,0111001879;0,0111001879;0,0255867541;1;0,0186;1;0,0179;1;0,0167;1;0,0149;0,3377;0,3406;0,3377;1;0,6193;0;0,0091;0;0,0017;0;0,2034;7,707;10,6884;7,707;5,9395;5,3854;4,9352;0;0,0261
0,0111001879;0,0111001879;0,0320191681;1;0,0172;1;0,0149;1;0,0133;1;0,0128;0,3384;0,4093;0,3384;1;0,981;0;0,0299;0;0,0019;0;0,002;7,7258;20,2081;7,7258;4,8035;0,0262;0,0132;0;0,0059
0,0111001879;0,0111001879;0,027456671;1;0,0192;1;0,0181;1;0,0152;1;0,0142;0,3387;0,3387;0,4212;0;0,0035;0;0,0048;0;0,0148;0;0,0092;7,848;14,3158;7,848;0,0046;4,8741;0,0048;0;1,6832
0,0111001879;0,0111001879;0,0366006792;1;0,0289;1;0,0284;1;0,0271;1;0,0257;0,3438;0,4033;0,3438;0;0,0134;1;0,8582;0;0,0026;0;0,0122;7,8773;14,3007;7,8773;4,0811;0,0497;3,5645;0;3,09
0,0111001879;0,0111001879;0,0223758519;1;0,019;1;0,0163;1;0,017;1;0,014;0,3444;0,3444;0,3737;0;0,0059;1;0,8598;0;0,0079;0;0,0124;7,8925;11,9671;7,8925;3,3303;3,535;3,2917;0;2,9539
0,0111001879;0,0111001879;0,0224994421;1;0,0186;1;0,0134;1;0,0116;0;0,0084;0,3455;0,3635;0,3455;1;0,6733;0;0,0146;1;0,5765;0;0,114;7,9053;12,3992;7,9053;6,217;0,0278;0,0107;0;0,007
0,0111018419;0,0111018419;0,0339610875;1;0,0253;0;0,0026;1;0,0207;1;0,0174;0,346;0,346;0,3729;0;0,0075;0;0,0048;0;0,0047;0;0,0028;7,91;24,6284;7,91;6,2423;5,448;0,0114;0;5,0924
0,0111018419;0,0111018419;0,0254330039;1;0,0283;1;0,0213;1;0,0171;1;0,0161;0,3475;0,4483;0,3475;0;0,0096;0;0,0053;0;0,0019;0;0,0016;7,9521;15,448;7,9521;4,7446;0,0266;1,9732;0;1,8174
0,0111018419;0,0111018419;0,0308410823;1;0,0174;1;0,0156;1;0,0156;1;0,015;0,3478;0,3478;0,4245;0;0,0042;1;0,51;0;0,0022;0;0,0144;7,9865;13,5739;7,9865;8,3612;6,7172;5,2755;0;0,0306
0,0111018419;0,0111018419;0,0451168418;1;0,0149;1;0,0119;0;0,0107;0;0,0097;0,3479;0,3479;0,5152;0;0,0227;0;0,0128;1;0,9504;0;0,0123;8,0448;15,723;8,0448;4,0522;0,0064;3,6792;0;3,5123
0,0111018419;0,0111018419;0,0376065075;1;0,0223;1;0,0184;1;0,016;1;0,0142;0,3482;0,354;0,3482;0;0,044;1;0,6883;0;0,0017;0;0,0019;8,061;16,5886;8,061;5,7847;0,0176;2,9889;0;0,0035
0,011400193;0,011400193;0,0365816355;1;0,0325;1;0,0273;1;0,0248;1;0,0236;0,3496;0,3496;0,403;1;1,0513;1;1,0553;0;0,0029;1;0,9275;8,0939;13,356;8,0939;7,6819;7,1332;5,8254;0;5,6381
0,011400193;0,011400193;0,0291659832;1;0,0225;1;0,0201;1;0,019;1;0,018;0,3505;0,36;0,3505;0;0,0324;1;0,3723;1;0,4695;0;0,0046;8,1328;10,9794;8,1328;4,4066;3,9152;3,3459;0;3,2522
0,011400193;0,011400193;0,0474776924;1;0,0141;1;0,0117;0;0,0108;0;0,0112;0,3513;0,3513;0,5266;0;0,0024;0;0,0232;1;0,6221;1;0,5226;8,1729;26,644;8,1729;4,8618;4,2262;0,0208;0;0,1053
0,011400193;0,011400193;0,0341471732;1;0,0289;1;0,0284;1;0,0246;1;0,0225;0,3514;0,3688;0,3514;0;0,0307;0;0,0082;1;0,459;0;0,0022;8,205;12,3809;8,205;5,4377;4,14;0,0432;0;3,3366
0,011400193;0,011400193;0,0318439901;1;0,0222;1;0,0158;1;0,0133;0;0,0114;0,3543;0,3543;0,3659;0;0,0139;0;0,0597;0;0,0243;1;0,8445;8,2395;18,9258;8,2395;5,4383;5,0322;4,9324;0;4,3677
0,0114011168;0,0114011168;0,0336859971;0;0,0065;1;0,0143;1;0,0129;1;0,0121;0,3556;0,3556;0,3738;0;0,0134;0;0,0048;0;0,013;0;0,0026;8,2582;22,4596;8,2582;0,0162;5,6504;4,9536;0;4,9587
0,0114018917;0,0114018917;0,0382726192;1;0,0291;0;0,0059;0;0,0019;1;0,02;0,3571;0,3762;0,3571;0;0,0079;0;0,0152;0;0,0077;0;0,0103;8,3047;14,3597;8,3047;4,9169;4,282;3,932;0;3,3021
0,0114018917;0,0114018917;0,0287116766;1;0,0166;1;0,0147;0;0,0111;0;0,0099;0,3575;0,3575;0,472;1;1,1564;1;1,1564;1;0,5443;1;0,9613;8,3372;21,0908;8,3372;5,9578;0,0183;0,0145;0;3,9349
0,0117001981;0,0117001981;0,048238188;1;0,0192;1;0,0172;0;0,004;1;0,0155;0,3578;0,5512;0,3578;1;0,7307;1;0,6385;0;0,0379;1;0,6128;8,5004;11,2544;8,5004;3,7631;0,0084;0,0051;0;2,5906
0,0117001981;0,0117001981;0,05096668;1;0,0252;1;0,0249;1;0,0242;1;0,0215;0,3585;0,3738;0,3585;0;0,0037;0;0,0085;0;0,3557;0;0,003;8,5089;33,9473;8,5089;6,7981;6,1725;5,1347;0;0,0241
0,0117001981;0,0117001981;0,0316248238;1;0,0196;1;0,0192;0;0,0026;1;0,0174;0,359;0,3904;0,359;0;0,0268;0;0,0385;0;0,0013;0;0,0302;8,5294;27,9507;8,5294;7,3924;5,4327;4,8259;0;0,0167
0,0117001981;0,0117001981;0,0372835398;1;0,0166;1;0,0152;1;0,0151;1;0,0142;0,3602;0,3602;0,5662;1;0,6972;1;0,645;1;0,6482;0;0,0023;8,5417;25,4918;8,5417;7,8;5,8234;5,2353;0;4,2597
0,0117001981;0,0117001981;0,0406959355;1;0,0256;1;0,022;1;0,0237;1;0,0213;0,3617;0,3899;0,3617;0;0,0074;1;0,5025;0;0,0065;0;0,2291;8,6021;12,4315;8,6021;3,8294;0,0146;0,013;0;2,7979
0,0117001981;0,0117001981;0;1;0,0236;1;0,0236;1;0,0208;1;0,0192;0,3633;0,4065;0,3633;0;0,0032;1;0,7637;0;0,0043;0;0,0055;8,6174;13,8779;8,6174;7,216;0,0285;5,6616;0;4,8602
0,0117001981;0,0117001981;0,0306077003;1;0,0201;1;0,0183;1;0,0174;1;0,0151;0,3646;0,5227;0,3646;0;0,0012;0;0,0113;0;0,0025;0;0,0018;8,641;17,1218;8,641;7,8758;7,0544;6,0559;0;5,3629
0,0117001981;0,0117001981;0,0313256979;1;0,0156;1;0,0135;1;0,0133;1;0,0122;0,3655;0,3655;0,4625;1;0,6615;1;0,6603;0;0,0186;1;0,5189;8,7031;16,2574;8,7031;0,0166;3,4497;4,0342;0;0,0259
0,0117011666;0,0117011666;0,0215752721;1;0,013;0;0,007;0;0,006;0;0,0045;0,3667;0,3803;0,3667;0;0,0075;0;0,022;0;0,0068;0;0,0051;8,7063;9,9336;8,7063;0,0055;0,0083;0,0117;0;0,0114
0,0117019415;0,0117019415;0,0346467197;1;0,0339;1;0,0325;1;0,0308;1;0,0289;0,3669;0,438;0,3669;0;0,0138;0;0,0055;0;0,0126;0;0,0085;8,714;16,9529;8,714;8,4197;7,524;6,9243;0;6,4394
0,0117019415;0,0117019415;0,0383336544;1;0,0186;1;0,0174;1;0,0173;1;0,0168;0,367;0,392;0,367;1;0,6599;0;0,2267;1;0,5954;1;0,5483;8,7733;16,6491;8,7733;7,4317;6,7431;5,8516;0;0,0105
0,0120002031;0,0120002031;0,0305975378;1;0,0149;0;0,0114;0;0,0099;0;0,0041;0,3699;0,3699;0,4374;0;0,0078;1;1,0725;0;0,0131;0;0,0234;8,7735;17,1952;8,7735;2,2845;1,4421;0,0254;0;0,0156
0,0120002031;0,0120002031;0,0345810354;1;0,0287;1;0,0269;1;0,0263;1;0,0252;0,3701;0,3701;0,3862;1;0,8553;1;0,8246;0;0,004;0;0,0007;8,778;16,2895;8,778;3,9723;3,1482;2,5718;0;2,7445
0,0120002031;0,0120002031;0,0515874326;1;0,0339;1;0,033;1;0,0307;1;0,0304;0,3708;0,3834;0,3708;1;0,9723;0;0,0057;0;0,0007;0;0,0074;8,8214;14,624;8,8214;5,1873;4,5521;0,0508;0;4,0424
0,0120002031;0,0120002031;0,0372387171;0;0,0114;0;0,0099;0;0,007;0;0,008;0,3728;0,3789;0,3728;0;0,0071;0;0,008;0;0,0187;0;0,006;8,8936;14,0541;8,8936;4,7363;0,1421;3,759;0;3,4548
0,0123002082;0,0123002082;0,0399520397;1;0,0303;1;0,0257;1;0,0257;1;0,0214;0,3761;0,6391;0,3761;1;1,1564;1;1,1405;0;0,0129;1;1,0965;8,9743;17,5905;8,9743;5,5313;5,1679;4,3059;0;3,9337
0,0123002082;0,0123002082;0,0342806876;1;0,0306;1;0,0215;0;0,0028;1;0,0202;0,3772;0,3772;0,5827;0;0,0097;1;0,8067;0;0,0051;0;0,0142;9,0836;9,0836;9,4769;0,0529;3,7652;0,004;0;0,003
0,0123002082;0,0123002082;0,0504102707;1;0,0258;1;0,0214;1;0,022;1;0,0215;0,38;0,4249;0,38;1;1,1324;0;0,0145;0;0,0089;0;0,0142;9,0841;17,1305;9,0841;5,284;5,3535;4,7804;0;4,5572
0,0123002082;0,0123002082;0,0404472649;1;0,023;1;0,0217;1;0,0201;1;0,0204;0,3803;0,3803;0,3895;1;0,6948;0;0,0023;0;0,2772;0;0,0063;9,1253;9,1253;10,1432;5,8703;4,882;2,8155;0;0,0116
0,0123020411;0,0123020411;0,0512198806;1;0,0285;0;0,0026;1;0,0231;1;0,021;0,3812;0,3812;0,5182;0;0,0041;0;0,0055;0;0,003;0;0,0127;9,146;14,3908;9,146;7,948;0,0203;0,017;0;0,0027
0,0125996172;0,0125996172;0,0348677039;1;0,0209;0;0,0017;1;0,0172;1;0,017;0,3817;0,3817;0,3867;1;0,6876;0;0,009;0;0,0292;0;0,0042;9,2756;21,5973;9,2756;7,0884;5,5782;0,0209;0;4,4454
0,012601316;0,012601316;0,0496540368;1;0,0378;1;0,0355;1;0,0293;1;0,0272;0,3818;0,3826;0,3818;1;1,1118;0;0,0526;0;0,0151;0;0,015;9,3339;15,2979;9,3339;9,6209;8,5505;6,8719;0;6,7312
0,0126020908;0,0126020908;0,0381792784;1;0,0434;1;0,0341;0;0,0063;1;0,0299;0,3821;0,4602;0,3821;1;0,6973;0;0,0116;0;0,0059;0;0,0157;9,4606;9,4606;10,8745;8,4322;8,2908;0,0276;0;0,0579
0,0129002184;0,0129002184;0,0332999825;1;0,0206;1;0,0204;1;0,019;1;0,0167;0,3826;0,5036;0,3826;1;0,9911;0;0,0092;0;0,0673;0;0,024;9,474;20,0848;9,474;5,6891;5,0556;0,016;0;0,0097
0,0129002184;0,0129002184;0,0359215811;1;0,023;1;0,0191;1;0,0151;1;0,0154;0,3842;0,3842;0,6558;1;0,7945;0;0,0436;1;0,7221;0;0,0088;9,5041;13,0596;9,5041;7,6284;0,1056;6,2214;0;5,6317
0,0129021406;0,0129021406;0,0427918732;1;0,0254;1;0,0232;1;0,0227;1;0,0221;0,3849;0,4118;0,3849;0;0,0041;1;0,7989;0;0,0063;1;0,6077;9,5588;13,5532;9,5588;5,2603;2,5808;4,6598;0;0,0099
0,0129021406;0,0129021406;0,0288738012;1;0,0275;1;0,0267;1;0,0206;1;0,0181;0,3853;0,6391;0,3853;1;1,1564;0;0,1365;1;1,1564;0;0,0078;9,656;31,4557;9,656;9,6756;9,8086;8,5604;0;7,765
0,0129021406;0,0129021406;0,0298378468;1;0,0224;1;0,0206;1;0,0162;1;0,0188;0,3864;0,4832;0,3864;0;0,0045;0;0,0045;0;0,0095;0;0,0537;9,6962;12,3131;9,6962;5,5116;5,9969;3,4733;0;2,6256
0,0132002234;0,0132002234;0,0288753211;1;0,0202;1;0,0198;1;0,0185;1;0,0175;0,3871;0,4329;0,3871;1;1,0593;0;0,0208;1;0,8523;0;0,0163;9,7138;14,26;9,7138;4,4793;4,0798;3,4287;0;3,2425
0,0132002234;0,0132002234;0,0230002441;1;0,0208;1;0,02;0;0,012;0;0,0099;0,3888;0,3888;0,4536;0;0,1985;0;0,0108;0;0,0029;0;0,0034;9,7434;17,2889;9,7434;6,1585;5,5203;4,7223;0;4,2189
0,0132002234;0,0132002234;0,0380143821;1;0,0498;1;0,0482;1;0,0294;1;0,0313;0,3891;0,4831;0,3891;1;0,9859;0;0,0104;0;0,0112;0;0,0056;9,822;16,4939;9,822;8,3972;7,6908;6,4315;0;6,2331
0,0132002234;0,0132002234;0,0369970351;0;0,0022;1;0,0168;1;0,0165;1;0,0158;0,3913;0,4604;0,3913;1;1,1564;0;0,0119;1;1,1089;0;0,0484;10,1251;26,9406;10,1251;8,3946;7,3861;6,7466;0;6,3426
0,0132002234;0,0132002234;0,0457716584;1;0,0166;0;0,0058;1;0,0157;1;0,0139;0,3914;0,4429;0,3914;0;0,006;0;0,0022;0;0,0071;0;0,0023;10,2097;17,2649;10,2097;7,424;6,5783;0,0727;0;5,2096
0,0132002234;0,0132002234;0,0296802521;1;0,0222;1;0,0202;1;0,0161;1;0,0154;0,3915;0,4899;0,3915;0;0,0167;1;0,9027;0;0,1784;1;0,5923;10,2935;24,6523;10,2935;6,1356;6,72;0,0185;0;4,7343
0,0132002234;0,0132002234;0,0291039646;1;0,0264;1;0,0262;1;0,0239;1;0,0229;0,3943;0,3943;0,4945;0;0,0071;0;0,0036;0;0,0675;0;0,0082;10,3181;19,6712;10,3181;7,4755;6,1342;5,6434;0;4,7998
0,0132014155;0,0132014155;0,0551354438;1;0,0153;1;0,0151;1;0,0148;1;0,0144;0,3973;0,4561;0,3973;1;0,8399;0;0,0752;1;0,8033;1;0,7777;10,328;10,328;10,5931;3,0158;2,5045;2,0024;0;2,1083
0,0132014155;0,0132014155;0,0370370448;1;0,022;1;0,026;1;0,0192;1;0,0191;0,4;0,4293;0,4;1;1,1231;0;0,0361;0;0,0276;1;0,9301;10,4;15,337;10,4;9,108;8,2729;0,1689;0;6,5579
0,0132021904;0,0132021904;0,0344220996;1;0,0313;1;0,0202;1;0,0193;1;0,0172;0,401;0,401;0,4804;0;0,0041;0;0,0138;0;0,0135;1;0,4446;10,5097;18,331;10,5097;8,0092;7,2495;6,0552;0;6,0774
0,0135002285;0,0135002285;0,0326991379;1;0,0237;1;0,0231;1;0,0213;1;0,022;0,4021;0,4202;0,4021;0;0,0102;0;0,0092;0;0,0042;0;0,0014;10,619;29,1724;10,619;4,5491;4,3048;4,048;0;3,7668
0,0135002285;0,0135002285;0,0379803479;1;0,0308;1;0,0294;1;0,0297;1;0,0273;0,4039;0,4985;0,4039;1;0,8567;0;0,0276;0;0,0071;0;0,002;10,6963;29,7826;10,6963;5,6685;5,1387;4,9618;0;4,6635
0,0135002285;0,0135002285;0,0268979371;1;0,0317;1;0,0243;1;0,0242;1;0,0187;0,4047;0,4682;0,4047;1;1,1564;1;0,7701;0;0,0073;1;0,8152;10,8088;13,5612;10,8088;6,4534;5,7227;4,4629;0;4,6706
0,0135002285;0,0135002285;0,0301406235;1;0,02;1;0,019;1;0,0192;1;0,0167;0,4055;0,4272;0,4055;1;0,5448;0;0,0048;0;0,0107;0;0,007;10,8769;10,8769;12,3349;5,8506;3,4152;4,5015;0;0,0121
0,0135002285;0,0135002285;0,0577380955;1;0,0322;0;0,0022;1;0,0304;1;0,0296;0,4086;0,4086;0,4996;1;0,6286;0;0,0223;0;0,1964;0;0,0213;10,8826;31,2701;10,8826;8,7343;7,9296;7,089;0;6,3895
0,0135002285;0,0135002285;0,033130765;1;0,0237;1;0,0234;1;0,0225;1;0,0221;0,4101;0,5065;0,4101;1;1,1564;0;0,0053;1;1,1026;0;0,2279;10,9232;15,094;10,9232;5,1657;0,0578;4,1702;0;0,0055
0,0135022402;0,0135022402;0,0385970324;1;0,0154;1;0,015;1;0,0148;0;0,0134;0,4105;0,4105;0,4603;0;0,0082;0;0,0042;0;0,0023;0;0,0067;11,0057;13,7384;11,0057;2,6499;5,219;4,5213;0;0,0268
0,0135022402;0,0135022402;0,0394275784;1;0,0219;1;0,0208;0;0,0084;1;0,0183;0,4162;0,4708;0,4162;0;0,0741;0;0,0061;0;0,0056;0;0,007;11,0319;18,4714;11,0319;5,2623;4,6841;4,1049;0;3,4584
0,0138002336;0,0138002336;0,0358747244;1;0,0217;1;0,0192;1;0,0177;1;0,0175;0,4171;0,6104;0,4171;1;0,9932;1;0,9999;0;0,0126;0;0,0014;11,055;13,9017;11,055;8,1577;7,5627;0,0349;0;0,0046
0,0138002336;0,0138002336;0,0284017324;1;0,0254;1;0,0246;1;0,0229;1;0,022;0,4186;0,4412;0,4186;0;0,0127;1;0,583;0;0,0633;0;0,017;11,1087;15,6363;11,1087;6,4981;4,8664;0,0115;0;4,1579
0,0138002336;0,0138002336;0,0381881595;1;0,0244;1;0,0246;0;0,0089;1;0,0217;0,4186;0,7019;0,4186;0;0,0236;0;0,0066;0;0,0104;1;0,6762;11,1967;21,3677;11,1967;4,1202;4,4488;3,4858;0;3,4567
0,01380229;0,01380229;0,0472779721;1;0,0188;1;0,018;1;0,0165;1;0,0169;0,4188;0,4188;0,6691;0;0,0183;0;0,0145;1;1,1564;0;0,0052;11,2677;16,5453;11,2677;6,9964;0,0101;0,0125;0;3,7847
0,01380229;0,01380229;0,0657250881;1;0,0244;1;0,0231;1;0,0228;1;0,0213;0,4192;0,4192;0,4221;0;0,0092;0;0,0026;0;0,0059;0;0,008;11,3019;14,2537;11,3019;5,8284;5,8158;5,0741;0;4,7892
0,0141002387;0,0141002387;0,0341693759;1;0,0199;1;0,0204;1;0,015;0;0,0129;0,4224;0,4224;0,6071;0;0,0273;0;0,0029;0;0,0351;1;0,755;11,3216;25,0327;11,3216;9,1805;8,1037;7,1318;0;6,1527
0,0141002387;0,0141002387;0,055355534;1;0,0293;1;0,0274;0;0,0136;1;0,0197;0,4249;0,4313;0,4249;0;0,0029;1;0,694;0;0,1864;0;0,004;11,3482;15,0189;11,3482;9,4315;7,5303;6,4602;0;6,0114
0,0141002387;0,0141002387;0,0409758687;1;0,0216;1;0,0208;1;0,02;1;0,0193;0,4276;0,5274;0,4276;0;0,0083;0;0,0103;1;0,5032;0;0,0066;11,3985;13,314;11,3985;5,7995;0,0193;5,433;0;4,9796
0,0141002387;0,0141002387;0,035328269;1;0,03;1;0,0274;1;0,0215;1;0,0219;0,4278;0,5042;0,4278;1;0,833;0;0,0122;0;0,0114;0;0,0129;11,4288;23,3766;11,4288;4,7362;5,5028;4,3758;0;4,1052
0,0141002387;0,0141002387;0,0300326496;1;0,0287;1;0,0243;1;0,0221;1;0,0191;0,4283;0,8094;0,4283;1;1,0629;1;1,0147;0;0,0309;0;0,0064;11,4544;19,4171;11,4544;7,3433;0,0042;4,8936;0;0,0151
0,0141002387;0,0141002387;0,0411493331;0;0,0053;1;0,0154;1;0,0275;1;0,024;0,4284;0,4284;0,4967;0;0,0074;1;1,1564;1;1,1564;1;1,1564;11,4929;25,2191;11,4929;6,5419;5,7084;5,1226;0;4,3373
0,0141023397;0,0141023397;0,0375368595;1;0,0299;1;0,0293;1;0,0265;1;0,0229;0,429;0,429;0,6504;0;0,0076;1;0,9759;0;0,0135;0;0,0016;11,5168;26,2509;11,5168;5,1191;4,7479;0,0245;0;1,1381
0,0141023397;0,0141023397;0,0461467803;1;0,0337;1;0,0339;0;0,0012;1;0,0292;0,4294;0,4294;0,4493;0;0,0141;0;0,0065;0;0,0146;0;0,1125;11,5289;28,4279;11,5289;7,8588;5,8691;5,6056;0;4,9936
0,0144002438;0,0144002438;0,0406394303;1;0,0249;1;0,0233;1;0,0217;1;0,0214;0,4307;0,4953;0,4307;1;0,8123;0;0,0075;0;0,0101;0;0,0111;11,77;21,3375;11,77;6,6796;6,9054;5,3169;0;0,0539
0,0144002438;0,0144002438;0,0258987322;1;0,0197;1;0,0192;1;0,0184;1;0,0177;0,4327;0,4813;0,4327;1;0,888;0;0,0079;0;0,0063;0;0,0154;11,8379;12,7494;11,8379;3,4121;4,1836;0,0616;0;0,0036
0,0144002438;0,0144002438;0;0;0,0048;1;0,0279;0;0,0006;1;0,0264;0,4328;0,4328;0,4407;0;0,3752;0;0,0197;0;0,0028;0;0,0096;11,8524;16,6689;11,8524;7,0065;6,813;6,1366;0;5,8709
0,0144002438;0,0144002438;0,0349255204;1;0,0238;1;0,0228;1;0,0169;0;0,0144;0,4334;0,4334;0,5044;1;1,1564;1;1,1126;0;0,016;0;0,0083;11,9356;17,5638;11,9356;2,9797;0,0265;2,3942;0;2,3063
0,0144002438;0,0144002438;0,0480463356;1;0,0268;1;0,024;1;0,0245;1;0,022;0,4342;0,4342;0,4785;0;0,0101;0;0,0088;1;0,5722;0;0,0077;11,99;47,2815;11,99;9,3674;8,3122;7,7266;0;7,06
0,0144023895;0,0144023895;0,03240183;1;0,016;0;0,0144;0;0,0144;0;0,0136;0,4359;0,4646;0,4359;0;0,0103;0;0,002;0;0,0568;0;0,0015;12,0387;18,6255;12,0387;9,6906;8,4794;8,1359;0;7,6517
0,0147002488;0,0147002488;0,0417036116;1;0,0246;1;0,0245;1;0,0237;1;0,0211;0,444;0,4791;0,444;0;0,0164;0;0,0099;0;0,0358;0;0,0039;12,0635;19,0199;12,0635;7,2092;6,496;5,4516;0;5,0305
0,0147002488;0,0147002488;0,0334177017;1;0,0224;1;0,0204;1;0,0163;1;0,0156;0,4441;0,4619;0,4441;0;0,0041;1;0,5198;1;0,5016;0;0,0081;12,0833;14,6483;12,0833;9,0686;8,4905;7,7083;0;7,0968
0,0147002488;0,0147002488;0,0338476002;1;0,0245;1;0,0228;0;0,0031;1;0,0196;0,4447;0,4661;0,4447;1;0,948;0;0,0176;0;0,0034;0;0,0013;12,1681;18,9011;12,1681;0,0738;5,5294;5,1083;0;4,1655
0,0147002488;0,0147002488;0,0383253992;1;0,0212;1;0,0198;1;0,0161;1;0,0175;0,4468;0,5204;0,4468;1;0,9337;0;0,0068;1;0,9001;1;0,8754;12,1844;16,2182;12,1844;4,8543;4,581;3,8672;0;3,5951
0,0147002488;0,0147002488;0,0344976634;1;0,0257;1;0,0238;1;0,0234;1;0,0229;0,4475;0,4475;0,5397;1;1,1564;0;0,0222;0;0,0016;0;0,0038;12,2978;21,5376;12,2978;6,8991;5,7864;0,0205;0;4,3479
0,0147002488;0,0147002488;0,0366554558;1;0,0272;1;0,0227;1;0,0213;1;0,0204;0,4486;0,4642;0,4486;1;0,7267;1;0,6829;0;0,0264;1;0,6501;12,3059;13,9642;12,3059;3,8281;3,274;1,9453;0;2,5754
0,0147024393;0,0147024393;0,0690834224;1;0,0373;1;0,0366;0;0,0024;1;0,0324;0,4489;0,6507;0,4489;1;1,0936;0;0,043;0;0,0036;0;0,0059;12,3584;14,0829;12,3584;3,5315;2,2337;2,7631;0;2,6196
0,0147024393;0,0147024393;0,0507147908;1;0,0277;1;0,0248;1;0,0238;1;0,0221;0,4601;0,4727;0,4601;1;1,0597;0;0,0299;1;1,0238;0;0,0585;12,3623;12,3623;17,9245;4,4775;0,0248;3,0615;0;2,6051
0,0150002539;0,0150002539;0,0425161719;1;0,0363;1;0,0349;1;0,032;1;0,0301;0,4611;0,4611;0,5011;1;1,1564;1;1,1564;0;0,0144;1;1,1564;12,4185;15,8612;12,4185;7,0338;6,4292;5,8341;0;5,3033
0,0150009394;0,0150009394;0,0402866602;1;0,0213;1;0,0193;1;0,0186;1;0,0179;0,4632;0,5947;0,4632;1;0,9164;1;0,8891;1;0,8562;0;0,0111;12,4267;21,8535;12,4267;3,8606;0,033;2,0584;0;2,3209
0,0150024891;0,0150024891;0,0441963971;1;0,0204;1;0,0192;1;0,0175;1;0,017;0,4635;0,4635;0,5224;1;1,1564;1;1,0204;0;0,0063;0;0,0041;12,4278;16,0666;12,4278;4,2776;3,4304;2,9154;0;2,4985
0,0150024891;0,0150024891;0,0619927347;1;0,0272;1;0,0256;1;0,0236;1;0,0214;0,4655;0,4655;0,5104;1;0,9281;0;0,0118;1;0,8226;0;0,0192;12,4419;21,8575;12,4419;10,7044;9,2728;6,7703;0;6,3666
0,0153025389;0,0153025389;0,0348982513;1;0,0239;1;0,0228;1;0,022;1;0,0206;0,4663;0,5317;0,4663;1;0,7187;1;0,634;0;0,0073;0;0,0037;12,5248;17,2281;12,5248;5,9958;5,042;4,3759;0;4,1292
0,0153025389;0,0153025389;0,0367055535;1;0,0283;1;0,0257;1;0,0214;1;0,0219;0,4694;0,4694;0,4899;0;0,0061;1;0,7835;0;0,0019;1;0,6762;12,5682;17,6775;12,5682;3,513;3,3828;3,0532;0;2,8506
0,0153025389;0,0153025389;0,042748332;1;0,0342;1;0,0329;0;0,0017;1;0,0288;0,47;0,522;0,47;1;1,007;1;0,9504;1;0,9153;0;0,0139;12,5955;18,0045;12,5955;4,8337;0,0082;0,0295;0;2,895
0,0153025389;0,0153025389;0,0548376441;1;0,041;1;0,0379;1;0,0374;1;0,0339;0,471;0,471;0,7335;0;0,004;1;1,1564;0;0,0072;0;0,0167;12,6218;22,7092;12,6218;9,0173;9,8539;9,1714;0;8,3322
0,0156002641;0,0156002641;0,0442843288;1;0,0288;1;0,028;1;0,026;1;0,0253;0,4711;0,5176;0,4711;1;0,8804;1;0,8405;0;0,0534;0;0,0413;12,6319;57,9008;12,6319;10,3914;8,5777;7,3749;0;0,0602
0,0156002641;0,0156002641;0,0266973674;1;0,0186;1;0,0178;1;0,0168;1;0,0164;0,4763;0,657;0,4763;0;0,0128;0;0,0342;1;1,0584;0;0,0042;12,7027;24,0284;12,7027;5,7913;6,0141;5,3047;0;4,7433
0,0156002641;0,0156002641;0;1;0,0347;1;0,0327;1;0,0245;1;0,0199;0,4763;0,4763;0,4912;0;0,0025;0;0,0012;0;0,0082;0;0,0137;12,7596;18,0691;12,7596;6,2261;4,2436;3,9525;0;0,0028
0,0156002641;0,0156002641;0,030797869;1;0,038;1;0,0357;1;0,033;1;0,0318;0,4765;0,8016;0,4765;0;0,0129;0;0,0482;0;0,0064;1;0,9374;12,8258;37,989;12,8258;6,5563;5,2853;4,3024;0;4,4186
0,0156002641;0,0156002641;0,0499011874;1;0,034;1;0,0337;1;0,0311;1;0,0271;0,4773;0,5024;0,4773;1;1,0879;1;1,0298;0;0,0166;1;0,8581;12,8818;19,9514;12,8818;0,0262;0,0159;4,8196;0;0,0146
0,0156002641;0,0156002641;0,05991745;1;0,0259;1;0,0253;1;0,0244;1;0,0235;0,4802;0,4802;0,5301;0;0,0145;0;0,0133;0;0,0066;0;0,0029;12,9797;21,3314;12,9797;7,8145;0,0189;0,0539;0;3,2076
0,0156025887;0,0156025887;0,0350703597;1;0,0237;1;0,0222;1;0,0208;1;0,0204;0,482;0,5322;0,482;1;0,9576;0;0,0192;0;0,0252;0;0,0062;13,0093;15,4841;13,0093;5,632;5,3337;4,8232;0;4,2785
0,0159002692;0,0159002692;0,0318567753;1;0,03;1;0,0293;1;0,0276;1;0,026;0,4821;0,553;0,4821;1;1,1093;1;1,0482;0;0,0075;0;0,0093;13,0457;19,8858;13,0457;7,4137;8,4071;7,1727;0;5,7615
0,0159026384;0,0159026384;0,0385605395;1;0,027;1;0,0239;1;0,0213;0;0,0057;0,4825;0,4825;0,5155;1;1,1564;1;1,1564;1;1,1564;1;0,6604;13,0847;16,7082;13,0847;6,8916;6,2304;5,8678;0;5,2735
0,0162002742;0,0162002742;0,0667418316;1;0,0329;1;0,0322;1;0,0316;1;0,0301;0,4825;0,4825;0,4931;1;0,8155;1;0,8117;1;0,611;1;0,7097;13,1735;14,1393;13,1735;4,3212;3,9801;0,04;0;3,283
0,0162002742;0,0162002742;0,0560699701;1;0,0498;1;0,0485;1;0,0475;1;0,0463;0,4832;0,4832;0,5274;1;1,1184;0;0,0105;1;0,7809;0;0,0562;13,202;18,6319;13,202;7,3121;6,4504;0,0179;0;5,9203
0,0162002742;0,0162002742;0,0375242233;1;0,0245;1;0,0239;1;0,023;1;0,0215;0,4837;0,4837;0,5582;0;0,0079;0;0,0129;0;0,0017;0;0,0151;13,2211;13,2211;13,898;8,1196;8,0759;7,0376;0;6,2216
0,0162026882;0,0162026882;0,0407403708;1;0,0269;1;0,0259;1;0,0237;1;0,0234;0,4843;0,5393;0,4843;0;0,0032;0;0,0116;0;0,0043;0;0,0029;13,2674;17,6392;13,2674;7,8789;6,5043;6,2385;0;5,6483
0,0165002793;0,0165002793;0,0358766615;1;0,0256;1;0,0231;1;0,0222;1;0,0207;0,486;0,5172;0,486;1;1,1564;0;0,0079;1;0,8335;0;0,0053;13,3119;19,4047;13,3119;8,1113;6,9756;6,2557;0;5,5339
0,0165002793;0,0165002793;0,0477186441;1;0,0211;1;0,0216;1;0,0202;1;0,0184;0,488;0,5294;0,488;0;0,0135;1;0,9308;0;0,0145;1;0,9225;13,3382;25,1024;13,3382;0,0122;0,0557;0,7774;0;4,6427
0,0168002844;0,0168002844;0,0606294125;1;0,0233;1;0,0223;1;0,0219;1;0,0211;0,4886;0,6039;0,4886;0;0,0257;0;0,0145;0;0,4484;0;0,0052;13,3836;19,7883;13,3836;6,5469;7,1982;6,8425;0;6,342
0,0168002844;0,0168002844;0,0443665981;1;0,0229;1;0,0218;1;0,0208;1;0,0197;0,4888;0,4888;0,533;1;1,1352;0;0,0106;0;0,0039;0;0,0106;13,4389;19,1054;13,4389;7,4299;7,3586;0,0634;0;5,8811
0,0168002844;0,0168002844;0,0489938855;1;0,0223;0;0,0075;1;0,0199;1;0,0187;0,4891;0,4891;0,5341;1;0,9638;1;0,8461;1;0,9061;1;0,8703;13,4598;32,3562;13,4598;5,7547;5,7659;4,8607;0;4,595
0,0168002844;0,0168002844;0,0431402624;1;0,0261;1;0,0241;1;0,0238;1;0,0216;0,4897;0,4935;0,4897;0;0,0124;0;0,0113;0;0,0208;1;0,9694;13,4719;19,1876;13,4719;0,0165;2,8304;0,0325;0;2,2339
0,0168012381;0,0168012381;0,047447592;1;0,0313;1;0,0271;1;0,0273;1;0,0244;0,4909;0,4909;0,5061;0;0,0221;0;0,029;0;0,0291;1;0,8318;13,5251;35,6505;13,5251;11,2073;0,0338;9,6717;0;8,5986
0,0168027878;0,0168027878;0,050021559;1;0,0421;1;0,0403;0;0,0025;1;0,0321;0,4941;0,4941;0,5713;0;0,0265;0;0,029;0;0,0015;1;0,5061;13,5566;34,8449;13,5566;6,3138;5,8263;1,2909;0;0,0071
0,0168027878;0,0168027878;0,0501301587;1;0,017;1;0,0343;1;0,0311;1;0,0302;0,497;0,4999;0,497;0;0,0392;0;0,008;0;0,0064;1;1,0398;13,5626;30,3049;13,5626;7,0769;6,1742;5,324;0;4,8246
0,0168027878;0,0168027878;0,0486693978;1;0,0306;1;0,0288;1;0,0287;1;0,0243;0,4988;0,4988;0,69;1;1,1564;0;0,0127;0;0,0195;1;1,1564;13,6236;23,9445;13,6236;10,0995;9,5159;3,9833;0;7,1412
0,017100513;0,017100513;0,0509009659;1;0,0334;1;0,0282;1;0,0282;1;0,0265;0,5005;0,5005;0,5669;0;0,0259;0;0,0072;0;0,028;0;0,0084;13,6532;27,4945;13,6532;5,1876;4,6378;3,9543;0;4,0186
0,0171028376;0,0171028376;0,0343612432;1;0,0261;1;0,0233;1;0,0238;1;0,0224;0,504;0,504;0,5146;1;1,1564;1;1,1564;0;0,0213;1;0,9996;13,7662;20,264;13,7662;5,7866;4,3674;4,4956;0;4,1166
0,0171028376;0,0171028376;0,0469237864;1;0,0339;1;0,032;1;0,0311;1;0,0286;0,5054;0,5054;0,5063;0;0,004;0;0,0065;0;0,0059;0;0,003;13,8055;16,4225;13,8055;8,0528;6,9601;6,0162;0;6,0869
0,0174002945;0,0174002945;0,0604482293;1;0,0408;1;0,0403;1;0,038;1;0,0356;0,5076;0,5838;0,5076;1;1,0468;1;0,9314;0;0,0027;1;0,8006;13,9224;17,117;13,9224;7,0142;5,7273;0,0151;0;0,0138
0,0174002945;0,0174002945;0,0619732141;1;0,0425;1;0,0428;1;0,0393;1;0,0372;0,508;0,5126;0,508;1;1,1564;1;1,1564;0;0,0134;1;1,1564;13,9962;27,9775;13,9962;5,7918;5,9372;4,9583;0;4,6701
0,0174021125;0,0174021125;0,0404731184;0;0,0037;1;0,0375;1;0,036;0;0,0009;0,5092;0,6521;0,5092;0;0,0144;0;0,0335;1;1,1564;0;0,0039;14,0355;16,6127;14,0355;19,4529;17,4842;16,7002;1;14,3918
0,0174028873;0,0174028873;0,0495063663;1;0,0385;1;0,0342;1;0,0328;1;0,0306;0,5096;0,5096;0,5238;0;0,0153;0;0,0083;0;0,4516;1;0,6022;14,0975;17,3448;14,0975;0,0433;6,7379;6,1634;0;0,022
0,0174028873;0,0174028873;0,049361378;0;0,002;1;0,0406;1;0,0321;1;0,0306;0,5101;0,5658;0,5101;0;0,0152;0;0,0077;0;0,0542;0;0,0105;14,1949;20,6604;14,1949;6,9155;5,9979;5,5681;0;0,0073
0,0177002996;0,0177002996;0,0366059244;1;0,0297;1;0,0284;1;0,0278;1;0,0265;0,5179;0,5799;0,5179;0;0,0397;1;0,6903;1;0,6444;1;0,6989;14,201;19,1406;14,201;4,8441;4,4398;3,7966;0;3,4776
0,0177002996;0,0177002996;0,0484113693;1;0,0204;1;0,0187;0;0,0175;0;0,0165;0,5206;0,6275;0,5206;1;0,9863;0;0,0146;1;0,8562;1;0,6814;14,6077;20,9931;14,6077;9,4333;8,8221;6,3555;0;5,5168
0,0177029371;0,0177029371;0,0454680622;1;0,0257;1;0,0254;1;0,0238;1;0,0226;0,5267;0,6714;0,5267;0;0,0249;0;0,0177;0;0,253;0;0,0135;14,6239;18,7024;14,6239;5,7788;5,3247;5,724;0;0,0274
0,0180003047;0,0180003047;0,0471105278;1;0,0227;1;0,0217;1;0,0182;0;0,0179;0,527;0,6872;0,527;0;0,0019;0;0,0074;1;0,6946;1;0,7328;14,7435;23,9994;14,7435;9,9491;8,8028;8,0622;0;6,9766
0,018002212;0,018002212;0,0353713632;1;0,0259;1;0,024;1;0,0244;1;0,021;0,5282;0,5282;0,7628;1;0,8096;1;1,1564;0;0,1236;1;1,1564;14,7739;14,8297;14,7739;6,2897;5,9951;0,0314;0;4,5607
0,0180029869;0,0180029869;0,0349686295;1;0,037;1;0,0323;1;0,0325;1;0,0319;0,5283;0,5756;0,5283;0;0,0081;0;0,0365;0;0,0247;0;0,0285;14,774;14,774;16,7039;6,7057;5,9979;5,8408;0;0,0381
0,0183030367;0,0183030367;0,0544164181;1;0,0363;1;0,0389;0;0,0063;1;0,0257;0,5365;0,6444;0,5365;0;0,0257;0;0,0177;0;0,375;1;0,8831;14,8367;35,6511;14,8367;9,3914;7,9758;7,3464;0;7,018
0,0186003149;0,0186003149;0,0425175279;0;0,0185;0;0,0184;0;0,0169;0;0,0161;0,5373;0,5373;0,5399;1;0,9576;1;0,8638;0;0,0058;0;0,0073;14,8652;26,1092;14,8652;6,5551;6,676;5,9053;0;0,0311
0,0186003149;0,0186003149;0,0384731293;1;0,0293;1;0,0298;1;0,0282;1;0,0272;0,5402;0,5986;0,5402;0;0,0105;1;1,1564;1;1,1564;1;1,1508;14,9287;14,9287;17,2274;6,1308;0,0264;0,0043;0;0,0781
0,0186015368;0,0186015368;0,0374382436;1;0,0253;1;0,0243;1;0,0234;1;0,0228;0,5408;0,5408;0,6505;1;1,1564;1;1,1564;1;1,1564;0;0,0218;14,931;22,6833;14,931;7,6767;6,0972;5,6346;0;5,0905
0,0186023116;0,0186023116;0,0520141721;1;0,0279;1;0,0283;0;0,0027;1;0,0217;0,5412;0,7765;0,5412;1;1,0454;1;0,9819;1;1,0014;0;0,0393;15,1502;16,3393;15,1502;8,7725;8,2031;6,9783;0;6,5876
0,0186023116;0,0186023116;0,0385038853;1;0,0332;1;0,0307;1;0,0295;1;0,0272;0,5427;0,5772;0,5427;1;0,894;1;0,8795;1;0,5692;1;0,8095;15,1687;46,7776;15,1687;10,2228;10,0453;8,2436;0;8,0482
0,0186030865;0,0186030865;0,0521668494;1;0,0339;1;0,0311;1;0,0306;1;0,0277;0,5443;0,5873;0,5443;1;1,1564;1;1,1564;1;1,1564;1;1,1564;15,1836;17,5287;15,1836;4,8696;4,2112;3,9804;0;0,0104
0,0189003199;0,0189003199;0,053204596;1;0,0357;1;0,0346;1;0,0351;0;0,0144;0,553;0,6207;0,553;1;1,0398;1;1,027;0;0,0211;1;0,9457;15,1984;20,8132;15,1984;7,6961;6,6988;0,0342;0;0,0496
0,0189031363;0,0189031363;0,0611881614;0;0,0029;1;0,0377;1;0,0363;0;0,0028;0,5539;0,6132;0,5539;0;0,0074;0;0,0161;0;0,0268;1;0,8452;15,4409;18,8032;15,4409;7,2952;3,3877;5,0516;0;0,0156
0,019200325;0,019200325;0,0320153832;1;0,0271;1;0,0252;1;0,0229;1;0,0225;0,5605;0,9289;0,5605;1;1,1564;1;1,1564;0;0,0348;0;0,0156;15,6721;19,4686;15,6721;6,133;4,9685;4,7134;0;3,972
0,019200325;0,019200325;0,0458275974;1;0,0345;1;0,0333;0;0,0027;1;0,0308;0,5606;0,5606;0,959;1;1,1564;1;1,1564;1;1,1564;1;1,1564;15,8956;20,7437;15,8956;10,4457;8,606;6,8371;0;7,2172
0,019203186;0,019203186;0,0707596242;1;0,0401;1;0,0384;1;0,0365;1;0,0348;0,563;0,6039;0,563;1;0,843;1;0,7833;0;0,0055;1;0,6727;16,1396;24,1683;16,1396;3,7092;0,0159;3,4177;0;0,0361
0,0195003301;0,0195003301;0,0421505272;1;0,0274;1;0,0248;1;0,0224;0;0,0192;0,572;0,6061;0,572;1;1,1564;1;1,1564;0;0,0059;1;0,8518;16,1843;21,1856;16,1843;9,0604;7,7963;6,8673;0;0,013
0,0195003301;0,0195003301;0,0489599407;1;0,0209;0;0,017;0;0,0182;0;0,0156;0,573;0,6731;0,573;1;1,1564;1;1,1564;1;1,1564;1;1,1564;16,2858;18,5582;16,2858;11,8429;10,3595;9,1336;0;8,919
0,0195003301;0,0195003301;0,062425673;1;0,0399;1;0,0393;1;0,0319;1;0,0318;0,5834;0,5834;0,8699;1;1,1564;1;1,1564;1;1,1564;1;0,9563;16,3736;16,3736;20,9121;8,5346;7,9567;6,7032;0;5,4476
0,0195003301;0,0195003301;0,0399639904;1;0,0263;1;0,0276;1;0,0267;1;0,0212;0,5835;0,5872;0,5835;1;0,8263;0;0,0306;1;0,6878;0;0,0249;16,4517;23,3829;16,4517;6,3173;6,2816;5,6704;0;5,4364
0,0195003301;0,0195003301;0,0454008877;1;0,0273;1;0,0269;1;0,0249;1;0,0256;0,5855;0,6457;0,5855;1;1,1564;1;1,1564;1;1,1564;0;0,0078;16,5551;18,3612;16,5551;6,0678;5,2704;0,018;0;4,4619
0,0195003301;0,0195003301;0,0426334441;1;0,0257;1;0,0256;1;0,0256;1;0,0241;0,5878;0,6552;0,5878;0;0,0226;0;0,0809;0;0,0153;0;0,0149;16,6163;24,2347;16,6163;7,9676;7,3552;6,7449;0;6,0148
0,0195032358;0,0195032358;0,0601532757;1;0,0288;0;0,0192;0;0,0031;1;0,0236;0,5955;0,6384;0,5955;0;0,0149;1;0,9506;1;1,051;0;0,0318;16,6301;40,4997;16,6301;0,0335;8,9028;8,0267;0;7,4641
0,0195032358;0,0195032358;0,0460548997;1;0,0201;1;0,0221;0;0,0175;0;0,0174;0,5961;0,5961;0,792;1;1,1564;1;1,1564;0;0,0164;1;1,1544;16,7412;23,8329;16,7412;7,4136;5,842;0,0104;0;0,0116
0,0198032856;0,0198032856;0,0464306027;1;0,0255;0;0,0017;1;0,022;0;0,0196;0,6007;0,6007;0,7671;0;0,0041;0;0,0084;0;0,006;0;0,0017;16,9662;24,2698;16,9662;8,7374;7,8495;6,8216;0;5,2078
0,0201003402;0,0201003402;0,043846786;1;0,032;1;0,0291;1;0,0279;1;0,027;0,6018;0,6222;0,6018;1;0,797;0;0,0068;0;0,0953;0;0,0039;17,005;20,4078;17,005;8,4089;0,0594;3,9814;0;5,7603
0,0204010606;0,0204010606;0,0392535627;1;0,0276;1;0,0264;1;0,0262;1;0,0256;0,6027;0,6027;0,6766;1;1,1564;1;0,9212;0;0,0237;1;1,1564;17,0449;18,1932;17,0449;3,9977;3,6545;3,206;0;2,8352
0,0204033852;0,0204033852;0,0603377521;1;0,036;1;0,0337;0;0,0096;1;0,0293;0,6181;0,6181;0,6333;1;1,1564;0;0,0565;1;0,7297;1;1,1085;17,159;31,3406;17,159;7,345;6,68;6,4675;0;5,8401
0,0210003555;0,0210003555;0,036078155;1;0,0249;1;0,0253;1;0,0246;1;0,024;0,62;0,62;0,7332;0;0,0568;1;0,8567;0;0,0054;0;0,014;17,1659;24,5086;17,1659;6,3123;5,6972;0,1397;0;4,432
0,0210003555;0,0210003555;0,0638253391;0;0,0051;0;0,0122;0;0,007;0;0,0019;0,6235;0,6235;0,66;1;0,9625;0;0,0208;1;0,9747;1;0,7894;17,1876;52,8653;17,1876;5,3374;0,0363;3,9624;0;4,4163
0,0210027099;0,0210027099;0,0566628277;1;0,0355;1;0,0308;1;0,0321;1;0,0298;0,6296;0,6654;0,6296;0;0,0039;0;0,0214;1;0,6993;0;0,0044;17,3817;24;17,3817;10,5839;11,0086;10,6145;0;9,5185
0,0216003656;0,0216003656;0,0562172234;1;0,0417;1;0,0359;1;0,0292;1;0,0239;0,6303;0,7581;0,6303;0;0,0305;1;1,1098;1;0,9854;0;0,0086;17,3851;37,1181;17,3851;6,4534;5,8522;5,3326;0;4,731
0,0216003656;0,0216003656;0,0553204715;0;0,0038;1;0,0277;1;0,0253;1;0,0243;0,6393;0,6937;0,6393;0;0,0289;1;1,1564;1;1,1564;0;0,0085;17,4051;21,6297;17,4051;9,679;7,887;6,8108;0;6,3849
0,0219003707;0,0219003707;0,0531466901;1;0,0306;1;0,0266;1;0,0267;0;0,0048;0,6493;0,6493;0,6908;1;1,1564;0;0,0124;1;1,1564;0;0,0071;17,6121;21,515;17,6121;9,7264;9,7205;0,03;0;7,2826
0,0219036341;0,0219036341;0,0653059483;0;0,0167;1;0,0422;1;0,0404;1;0,0389;0,6544;0,6544;0,776;1;1,1564;0;0,0371;1;1,1564;0;0,0204;17,7942;26,6835;17,7942;12,7556;10,6539;10,7567;0;8,835
0,0228037834;0,0228037834;0,0647555292;1;0,0303;1;0,0289;1;0,0272;1;0,025;0,6562;0,7764;0,6562;1;1,1564;1;1,1564;0;0,0143;1;1,1564;17,831;19,6852;17,831;10,9548;9,5415;7,9039;0;7,4026
0,0231030583;0,0231030583;0,0529831052;1;0,0308;1;0,0292;1;0,0293;1;0,0289;0,6603;1,4177;0,6603;1;1,1564;0;0,0491;1;1,1564;0;0,0149;18,1492;19,3119;18,1492;7,03;6,3682;6,2657;0;5,897
0,0234003961;0,0234003961;0,0423377156;1;0,0271;1;0,0256;1;0,0244;1;0,0241;0,6644;0,8115;0,6644;1;1,1564;1;1,1564;1;1,1564;1;1,1564;18,3775;25,3746;18,3775;15,7132;13,7421;13,2353;0;12,2162
0,0234003961;0,0234003961;0,0521551371;1;0,041;1;0,0404;1;0,0396;1;0,0386;0,6671;0,6671;0,6941;1;1,1564;1;1,1564;1;1,1564;1;1,1564;18,4027;31,4395;18,4027;9,9388;8,8585;8,779;0;7,2713
0,0243004113;0,0243004113;0,0726941898;0;0,0113;0;0,004;1;0,0327;1;0,0312;0,6712;0,895;0,6712;1;1,1564;1;1,1564;1;1,1564;0;0,0311;18,666;26,1062;18,666;7,5401;6,8575;6,6791;0;5,7091
0,0243004113;0,0243004113;0,056735307;0;0,0229;0;0,0218;0;0,0219;0;0,0213;0,6819;0,7893;0,6819;1;1,1564;0;0,034;0;0,0612;1;0,9938;18,6948;27,6173;18,6948;6,6947;6,2956;0,2584;0;5,7748
0,0246017575;0,0246017575;0,0527967811;1;0,0291;1;0,0285;1;0,0276;1;0,0269;0,6823;0,9287;0,6823;1;1,1564;1;1,1564;1;1,1564;0;0,0557;18,8319;38,1512;18,8319;10,544;9,2374;9,2262;0;9,2515
0,0246033072;0,0246033072;0,055922091;1;0,0276;1;0,0262;1;0,0264;1;0,0256;0,6836;0,6923;0,6836;0;0,0492;1;0,9538;0;0,0491;1;0,8774;18,8339;30,7639;18,8339;9,717;9,5831;8,0956;0;7,3551
0,0249025822;0,0249025822;0,0535189211;1;0,0329;1;0,0318;1;0,0288;1;0,0252;0,6903;0,7601;0,6903;0;0,0013;0;0,1363;0;0,0051;0;0,0032;19,4946;23,8381;19,4946;10,1197;10,0164;8,8767;0;6,7754
0,0252004266;0,0252004266;0,0610531867;1;0,0364;1;0,0347;1;0,035;1;0,0332;0,6917;0,7623;0,6917;1;1,1564;0;0,017;0;0,0145;0;0,0142;19,5406;26,213;19,5406;6,6432;0,0133;5,5284;0;0,0156
0,0255034566;0,0255034566;0,040378347;1;0,0346;1;0,0334;1;0,0325;1;0,0309;0,6929;0,7704;0,6929;0;0,0067;0;0,0189;1;1,0961;0;0,0227;19,6424;27,4747;19,6424;6,4894;5,9829;0,0628;0;0,0337
0,0261004418;0,0261004418;0,0649439692;1;0,0498;1;0,0498;1;0,0498;1;0,0498;0,6975;0,6975;0,7478;1;1,1564;1;0,9811;1;1,0112;1;0,958;19,6644;25,0461;19,6644;7,1247;6,4881;6,4458;0;0,031
0,0264004469;0,0264004469;0,055904299;1;0,037;1;0,0367;1;0,0351;0;0,0002;0,6993;0,6993;0,8415;0;0,0146;1;0,916;0;0,0293;0;0,0191;19,6811;29,7356;19,6811;9,9383;7,9062;7,4528;0;0,0278
0,0267044306;0,0267044306;0,0653441548;0;0,0038;1;0,04;1;0,0376;0;0,0059;0,7052;1,279;0,7052;1;1,1564;1;1,1564;1;1,1564;0;0,3368;19,6876;22,5042;19,6876;3,5937;3,6674;3,4116;0;3,0301
0,027000457;0,027000457;0,0740672052;1;0,0281;1;0,0275;0;0,027;0;0,0261;0,7205;0,7996;0,7205;1;1,1564;0;0,004;0;0,0097;0;0,0061;19,7179;25,5239;19,7179;10,6971;10,5786;9,2623;0;8,9069
0,027000457;0,027000457;0,0537019968;1;0,0498;0;0,0068;1;0,0498;1;0,0494;0,7229;0,8468;0,7229;1;0,8432;0;0,0386;1;0,7901;1;0,7731;19,7629;33,6801;19,7629;15,2373;13,7121;12,1709;0;11,889
0,0279046297;0,0279046297;0,0684398413;1;0,0405;1;0,0331;1;0,0347;1;0,0361;0,7336;1,1671;0,7336;1;1,1564;0;0,0454;1;1,1471;1;0,9787;20,2207;31,0173;20,2207;10,7494;10,1324;7,8912;0;7,3491
0,0279046297;0,0279046297;0,071328342;0;0,0032;0;0,0039;1;0,0375;1;0,0357;0,7574;0,8623;0,7574;1;1,0939;0;0,0213;0;0,0051;0;0,6072;20,4265;24,9185;20,4265;5,4509;4,3192;0,018;0;3,807
0,0282023549;0,0282023549;0,0657171905;1;0,0355;0;0,0076;1;0,0338;1;0,032;0,7575;0,8868;0,7575;1;1,1564;1;1,1564;1;1,1564;1;1,1564;21,2341;37,9111;21,2341;15,9167;15,8974;14,4655;0;13,3371
0,0282046795;0,0282046795;0,0647770464;1;0,0345;0;0,0148;0;0,0279;0;0,0239;0,765;1,0958;0,765;1;1,1564;0;0,0333;1;1,1564;1;1,1564;21,3774;21,3774;34,6543;8,4713;8,1709;7,1207;0;7,0581
0,0291048288;0,0291048288;0,0495095849;1;0,0393;1;0,0372;1;0,0358;1;0,0344;0,7697;1,0429;0,7697;1;1,1564;1;1,1564;1;1,1564;0;0,0145;21,7175;29,3623;21,7175;7,735;0,0252;0,027;0;0,0151
0,0291048288;0,0291048288;0,0837565362;1;0,0394;0;0,0029;1;0,0363;0;0,002;0,7715;0,9077;0,7715;1;1,0276;1;1,0003;1;0,9827;0;0,0153;21,8461;27,7929;21,8461;9,2526;7,3803;0,0561;0;6,4261
0,0291048288;0,0291048288;0,0706713498;1;0,0397;0;0,0076;0;0,0014;1;0,035;0,7814;0,9249;0,7814;0;0,0162;1;1,1564;1;1,1564;0;0,0464;22,1971;27,6636;22,1971;10,4255;9,4076;7,1879;0;6,2796
0,0309005231;0,0309005231;0,0640763044;0;0,0073;0;0,0303;0;0,0296;0;0,0278;0,7887;0,8189;0,7887;0;0,0148;0;0,0467;0;0,0132;1;1,1564;22,6106;41,4998;22,6106;11,3364;11,78;9,6204;0;8,5945
0,0312051773;0,0312051773;0,0649263859;1;0,0411;1;0,0392;1;0,0355;1;0,036;0,7912;0,9263;0,7912;1;1,1564;0;0,0076;0;0,0425;0;0,015;22,8562;22,8586;22,8562;14,0225;12,6047;11,2845;0;9,887
0,0315005332;0,0315005332;0,0701922178;1;0,0444;1;0,0438;1;0,0406;1;0,0357;0,7972;0,7972;0,8509;1;1,1483;0;0,057;0;0,02;0;0,0198;22,862;24,7983;22,862;0,0326;6,2812;5,7387;0;4,786
0,0324046016;0,0324046016;0,0645675957;1;0,0384;1;0,0376;1;0,0361;0;0,0056;0,8064;0,8064;0,8428;1;1,0265;1;1,0008;0;0,0427;1;0,9682;22,8719;34,7029;22,8719;6,4068;0,0121;0,0146;0;0,0197
0,0333055258;0,0333055258;0,0724292397;0;0,0315;0;0,031;0;0,0306;0;0,0051;0,8209;0,977;0,8209;1;1,1564;1;1,1564;0;0,0657;0;0,0101;26,6004;38,03;26,6004;8,5806;9,6712;0,0406;0;6,9629
0,0336005688;0,0336005688;0,0579569638;0;0,0025;1;0,0387;1;0,0411;0;0,0064;0,8309;0,8309;0,8564;0;0,0066;0;0,0432;0;0,002;0;0,019;26,7945;32,9192;26,7945;8,0748;8,459;7,3205;0;6,195
0,03840065;0,03840065;0;1;0,0396;1;0,0386;0;0,0372;0;0,0363;0,8401;0,8401;1,0404;1;1,1564;1;1,1564;1;1,1564;1;1,1564;27,5218;37,4451;27,5218;16,9706;0,0255;13,026;0;11,8692
0,0444073677;0,0444073677;0,0861259997;1;0,0498;0;0,0085;0;0,0089;0;0,0033;0,9626;1,0017;0,9626;1;1,1564;1;1,1564;0;0,0709;0;0,0147;28,6912;61,1135;28,6912;16,5675;15,8007;15,6305;0;13,6487
0,0498082638;0,0498082638;0,0572146773;0;0,0395;0;0,0382;0;0,0372;0;0,0369;1,1564;1,5253;1,1564;0;1,1564;0;1,1564;0;1,1564;0;1,1564;29,7833;38,0078;29,7833;8,7674;7,787;6,9516;0;6,7031
;;;375;;339;;286;;259;;;;;175;;124;;89;;84;;;;;;;;10;
