inf-norm-min-adv-dist;inf-norm-PGD-dist;inf-norm-sec-att-dist;inf-norm-Clever-5-samples;inf-norm-Clever-20-samples;inf-norm-Clever-100-samples;;inf-norm-Clever-1024-samples;2-norm-min-adv-dist;2-norm-PGD-dist;2-norm-sec-att-dist;;2-norm-Clever-5-samples;;2-norm-Clever-20-samples;;2-norm-Clever-100-samples;;2-norm-Clever-1024-samples;1-norm-min-adv-dist;1-norm-PGD-dist;1-norm-sec-att-dist;1-norm-Clever-5-samples;1-norm-Clever-20-samples;1-norm-Clever-100-samples;;1-norm-Clever-1024-samples
0;0;0;0,0025;0,0025;0,0022;;0,0021;0;0;0;;0,003;;0,0027;;0,0026;;0,0024;0;0;0;0,0436;0,0295;0,0298;;0,0222
0;0;0;0,0011;0,001;0,0009;;0,0009;0;0;0;;0,0157;;0,0157;;0,0151;;0,0144;0;0;0;0,2552;0,2465;0,1413;;0,1564
0;0;0;0,0002;0,0001;0,0001;;0,0001;0;0;0;;0,0159;;0,014;;0,0141;;0,0129;0;0;0;0,0043;0,1683;0,0214;;0,1177
0;0;0;0,0005;0,0005;0,0005;;0,0004;0;0;0;;0,0222;;0,0244;;0,021;;0,021;0;0;0;0,0245;0,0197;0,0165;;0,0146
0;0;0;0,0003;0,0003;0,0002;;0,0002;0;0;0;;0,0073;;0,0068;;0,006;;0,0065;0;0;0;0,0925;0,0762;0,0822;;0,0604
0;0;0;0,0008;0,0008;0,0008;;0,0008;0;0;0;;0,0098;;0,0099;;0,0089;;0,0088;0;0;0;0,1177;0,1039;0,0689;;0,0771
0;0;0;0,0001;0,0001;0,0001;;0,0001;0;0;0;;0,012;;0,0107;;0,0105;;0,0093;0;0;0;0,0693;0,0549;0,0513;;0,047
0;0;0;0,0006;0,0005;0,0005;;0,0005;0;0;0;;0,0267;;0,0246;;0,0224;;0,0219;0;0;0;0,0959;0,1114;0,078;;0,09
0;0;0;0,0001;0;0;;0;0;0;0;;0,0113;;0,0118;;0,0111;;0,0109;0;0;0;0,0573;0,052;0,0442;;0,0373
0;0;0;0,0001;0,0001;0,0001;;0,0001;0;0;0;;0,0339;;0,0336;;0,0307;;0,0287;0;0;0;0,0756;0,0687;0,0535;;0,0484
0;0;0;0,0022;0,0021;0,0019;;0,0018;0;0;0;;0,0061;;0,0057;;0,0051;;0,0044;0;0;0;0,0127;0,0766;0,0699;;0,0633
0;0;0;0,0005;0,0004;0,0004;;0,0004;0;0;0;;0,0015;;0,0015;;0,0014;;0,0013;0;0;0;0,0004;0,0196;0,0178;;0,0127
0;0;0;0,0005;0,0004;0,0004;;0,0004;0;0;0;;0,0143;;0,0138;;0,0129;;0,0116;0;0;0;0,138;0,1167;0,11;;0,0981
0;0;0;0,0009;0,0008;0,0008;;0,0007;0;0;0;;0,0153;;0,0155;;0,013;;0,0128;0;0;0;0,0657;0,0605;0,0438;;0,0448
0;0;0;0,0011;0,001;0,0009;;0,0008;0;0;0;;0,0039;;0,0035;;0,0032;;0,003;0;0;0;0,2436;0,1846;0,1533;;0,0077
0;0;0;0,0001;0,0001;0,0001;;0,0001;0;0;0;;0,0173;;0,0145;;0,0152;;0,014;0;0;0;0,0119;0,0032;0,0095;;0,0078
0;0;0;0,0004;0,0003;0,0003;;0,0003;0;0;0;;0,0231;;0,0241;;0,0209;;0,0179;0;0;0;0,0185;0,0954;0,095;;0,0627
0;0;0;0,0008;0,0008;0,0008;;0,0007;0;0;0;;0,031;;0,0312;;0,0297;;0,0289;0;0;0;0,0118;0,003;0,0073;;0,0064
0;0;0;0,0005;0,0005;0,0004;;0,0004;0;0;0;;0,0037;;0,0032;;0,0033;;0,0029;0;0;0;0,0452;0,0343;0,0329;;0,0291
0;0;0;0,0002;0,0002;0,0002;;0,0002;0;0;0;;0,0368;;0,0317;;0,0298;;0,027;0;0;0;0,0908;0,0784;0,0715;;0,0696
0;0;0;0,0007;0,0007;0,0006;;0,0006;0;0;0;;0,0198;;0,0179;;0,0176;;0,0175;0;0;0;0,0188;0,0668;0,0549;;0,0508
0;0;0;0,0004;0,0004;0,0004;;0,0003;0;0;0;;0,0093;;0,0093;;0,0087;;0,0086;0;0;0;0,0022;0,0584;0,0515;;0,0483
0;0;0;0,0003;0,0003;0,0003;;0,0003;0;0;0;;0,0257;;0,0194;;0,0194;;0,0189;0;0;0;0,032;0,0288;0,0247;;0,0232
0;0;0;0,0003;0,0003;0,0003;;0,0003;0;0;0;;0,0071;;0,0065;;0,0063;;0,0059;0;0;0;0,0087;0,0156;0,0098;;0,0021
0;0;0;0,0003;0,0002;0,0002;;0,0002;0;0;0;;0,0041;;0,0039;;0,0037;;0,0037;0;0;0;0,002;0,0146;0,0103;;0,3572
0;0;0;0,0001;0,0001;0,0001;;0,0001;0;0;0;;0,0853;;0,0815;;0,075;;0,0694;0;0;0;0,2275;0,1885;0,1788;;0,1336
0;0;0;0,0009;0,0008;0,0008;;0,0007;0;0;0;;0,0317;;0,0284;;0,0257;;0,0233;0;0;0;0,1327;0,1272;0,112;;0,0864
0;0;0;0,0005;0,0004;0,0004;;0,0004;0;0;0;;0,1069;;0,0895;;0,0842;;0,0686;0;0;0;0,059;0,0564;0,0553;;0,0425
0;0;0;0,0007;0,0007;0,0007;;0,0006;0;0;0;;0,013;;0,0116;;0,0111;;0,0108;0;0;0;0,0388;0,0346;0,0263;;0,0263
7,51E-005;0,0003000498;7,51E-005;0;0;0;0;0;0,0001;0,005;0,0001;0;0,0001;0;0,0001;0;0,0001;0;0,0001;0,0009;0,2;0,0009;0,0006;0,0005;0,0006;0;0,0005
0,0002999902;0,0002999902;0,0014556944;0,0001;0,0001;0,0001;0;0,0001;0,0026;0,005;0,0026;0;0,0021;0;0,0019;0;0,0019;0;0,0017;0,0219;0,2;0,0219;0,0142;0,0069;0,0109;0;0,0027
0,0003000051;0,0003000051;0,0013136864;0,0001;0,0001;0,0001;0;0,0001;0,0036;0,005;0,0036;0;0,0028;0;0,0022;0;0,0024;0;0,0022;0,0229;0,2;0,0229;0,0125;0,0112;0,009;0;0,008
0,0003000051;0,0003000051;0,0034190118;0,0002;0,0002;0,0002;0;0,0002;0,0045;0,005;0,0045;0;0,003;0;0,0026;0;0,0026;0;0,0024;0,0412;0,2;0,0412;0,02;0,0151;0,0124;0;0,0107
0,0003000051;0,0003000051;0,000690639;0,0001;0,0001;0,0001;0;0,0001;0,0048;0,005;0,0048;0;0,0039;0;0,0036;0;0,0031;0;0,0031;0,0564;0,2;0,0564;0,0002;0,0143;0,0138;0;0,0107
0,0003000051;0,0003000051;0,0012138486;0,0001;0,0001;0,0001;0;0,0001;0,0049;0,005;0,0049;0;0,0039;0;0,0042;0;0,0037;0;0,0039;0,0579;0,2;0,0579;0,0366;0,0192;0,0202;0;0,0143
0,0003000051;0,0003000051;0,0020356029;0,0002;0,0002;0,0002;0;0,0002;0,0071;0,01;0,0071;0;0,007;0;0,0061;0;0,0057;0;0,0055;0,0632;0,2;0,0632;0,0299;0,0182;0,0196;0;0,0187
0,0003000051;0,0003000051;0,0037407279;0,0003;0,0002;0,0002;0;0,0002;0,0081;0,0099;0,0081;1;0,0096;0;0,0071;0;0,0059;0;0,0055;0,0887;0,3993;0,0887;0,0391;0,0349;0,0309;0;0,0272
0,0003000051;0,0003000051;0,0027024299;0,0002;0,0002;0,0002;0;0,0002;0,01;0,01;0,0104;0;0,008;0;0,0077;0;0,0077;0;0,0069;0,0954;0,3991;0,0954;0,0436;0,0381;0,0298;0;0,0264
0,0003000498;0,0003000498;0,0031787157;0,0001;0,0001;0,0001;0;0,0001;0,0101;0,015;0,0101;0;0,0075;0;0,0068;0;0,0066;0;0,0064;0,0998;0,5991;0,0998;0,0506;0,0087;0,0433;0;0,0064
0,0006000102;0,0006000102;0,0033079684;0,0004;0,0004;0,0003;0;0,0003;0,0106;0,0149;0,0106;0;0,0101;0;0,009;0;0,0086;0;0,0082;0,1117;0,598;0,1117;0,0444;0,0351;0,0288;0;0,0283
0,0006000102;0,0006000102;0,0037755966;0,0004;0,0004;0,0003;0;0,0003;0,0117;0,015;0,0117;0;0,0091;0;0,0083;0;0,0082;0;0,0074;0,1178;0,5976;0,1178;0,0684;0,0555;0,0404;0;0,0368
0,0006000102;0,0006000102;0,0029635429;0,0003;0,0003;0,0002;0;0,0002;0,0119;0,0149;0,0119;0;0,0105;0;0,0107;0;0,0099;0;0,0095;0,1191;0,3997;0,1191;0,0435;0,0054;0,0369;0;0,0016
0,0006000102;0,0006000102;0,003831327;0,0004;0,0004;0,0004;0;0,0004;0,0119;0,0149;0,0119;0;0,0086;0;0,0081;0;0,0083;0;0,0069;0,1211;0,3992;0,1211;0,0613;0,0431;0,0409;0;0,0344
0,0006000102;0,0006000102;0,0030213743;0,0003;0,0003;0,0002;0;0,0002;0,0122;0,0148;0,0122;0;0,0082;0;0,0078;0;0,0077;0;0,0067;0,1443;0,3988;0,1443;0,0582;0,0496;0,0408;0;0,0372
0,0006000102;0,0006000102;0,0025232434;0,0004;0,0003;0,0003;0;0,0003;0,0131;0,0149;0,0131;0;0,0112;0;0,0109;0;0,0091;0;0,0092;0,1452;0,3981;0,1452;0,0443;0,0373;0,0407;0;0,0306
0,0006000102;0,0006000102;0,0030369163;0,0004;0,0003;0,0003;0;0,0003;0,0132;0,015;0,0132;0;0,0118;0;0,0119;0;0,0112;0;0,0107;0,1471;0,5923;0,1471;0,039;0,0399;0,0327;0;0,0299
0,0006000102;0,0006000102;0,0029374361;0,0003;0,0003;0,0003;0;0,0003;0,0155;0,0196;0,0155;0;0,0131;0;0,0108;0;0,0102;0;0,0097;0,1757;0,5979;0,1757;0,07;0,0683;0,0631;0;0,06
0,0006000102;0,0006000102;0,0036324114;0,0005;0,0005;0,0005;0;0,0004;0,0156;0,0198;0,0156;0;0,0114;0;0,0102;0;0,0091;0;0,0086;0,1803;0,3994;0,1803;0,0677;0,0495;0,0482;0;0,0407
0,0006000102;0,0006000102;0,0030904114;0,0004;0,0004;0,0004;0;0,0004;0,0156;0,0199;0,0156;0;0,0152;0;0,0146;0;0,0134;0;0,0133;0,2032;0,5978;0,2032;0,0615;0,0634;0,0486;0;0,0446
0,0006000102;0,0006000102;0,0034193397;0,0003;0,0003;0,0003;0;0,0003;0,0161;0,0199;0,0161;0;0,0112;0;0,013;0;0,0122;0;0,011;0,2326;0,9645;0,2326;0,0638;0,0496;0,0397;0;0,0443
0,0006000996;0,0006000996;0,0041995645;0,0005;0,0004;0,0004;0;0,0004;0,0163;0,0199;0,0163;0;0,0152;0;0,0037;0;0,0132;0;0,0128;0,2377;0,9941;0,2377;0,1105;0,0951;0,0733;0;0,0619
0,0006000996;0,0006000996;0,0044107437;0,0006;0,0006;0,0005;0;0,0005;0,0167;0,0199;0,0167;0;0,0151;0;0,0138;0;0,0125;0;0,0113;0,262;0,7808;0,262;0,0694;0,0462;0,0412;0;0,0379
0,0006000996;0,0006000996;0,0040230751;0,0004;0,0003;0,0003;0;0,0003;0,0174;0,0197;0,0174;0;0,0134;0;0,0135;0;0,0127;0;0,0108;0,2628;0,7975;0,2628;0,0787;0,0656;0,0567;0;0,0596
0,0006000996;0,0006000996;0,0037283003;0,0005;0,0005;0,0004;0;0,0004;0,0183;0,0199;0,0183;0;0,0152;0;0,0147;0;0,0134;0;0,013;0,264;0,9925;0,264;0,1202;0,1101;0,0846;0;0,0733
0,0006000996;0,0006000996;0,0059168637;0,0005;0,0005;0,0004;0;0,0004;0,0186;0,0199;0,0186;0;0,0112;0;0,0105;0;0,0095;0;0,0097;0,2853;0,9901;0,2853;0,0689;0,0655;0,0514;0;0,0442
0,0006000996;0,0006000996;0,00644885;0,0005;0,0004;0,0004;0;0,0004;0,0196;0,0199;0,0196;0;0,0148;0;0,0138;0;0,0126;0;0,0122;0,2867;0,9958;0,2867;0,1532;0,1227;0,1444;0;0,1144
0,0006000996;0,0006000996;0,0027471483;0,0003;0,0003;0,0003;0;0,0003;0,0199;0,0199;0,0214;0;0,0185;0;0,0155;0;0,0144;0;0,0135;0,2969;0,5948;0,2969;0,06;0,0504;0,0541;0;0,0412
0,0009000152;0,0009000152;0,005197823;0,0006;0,0005;0,0005;0;0,0005;0,0199;0,0199;0,0202;0;0,017;0;0,0148;0;0,0156;0;0,0148;0,305;1,1677;0,305;0,1352;0,0794;0,0746;0;0,0727
0,0009000152;0,0009000152;0,0041100532;0,0005;0,0004;0,0004;0;0,0004;0,0209;0,0248;0,0209;0;0,0193;0;0,0192;0;0,016;0;0,0154;0,3066;0,7957;0,3066;0,0872;0,076;0,0635;0;0,0514
0,0009000152;0,0009000152;0,0070306957;0,0007;0,0006;0,0006;0;0,0006;0,0214;0,029;0,0214;0;0,0111;0;0,0116;0;0,011;0;0,0098;0,3072;0,798;0,3072;0,0872;0,0882;0,0712;0;0,0631
0,0009000152;0,0009000152;0,0054431856;0,0006;0,0006;0,0005;0;0,0005;0,0218;0,0249;0,0218;0;0,0166;0;0,0165;0;0,0163;0;0,0152;0,3138;0,7966;0,3138;0,0766;0,0631;0,0562;0;0,0484
0,0009000152;0,0009000152;0,003785789;0,0005;0,0005;0,0005;0;0,0005;0,0227;0,0249;0,0227;0;0,0178;0;0,0178;0;0,0167;0;0,016;0,3156;0,9931;0,3156;0,1172;0,0911;0,0801;0;0,0784
0,0009000152;0,0009000152;0,0059434175;0,0006;0,0006;0,0006;0;0,0005;0,0236;0,0247;0,0236;0;0,0148;0;0,0139;0;0,0128;0;0,013;0,3225;0,7957;0,3225;0,0931;0,0695;0,0577;0;0,0557
0,0009000152;0,0009000152;0,0046393871;0,0006;0,0005;0,0005;0;0,0005;0,0242;0,0249;0,0242;0;0,0211;0;0,0208;0;0,0197;0;0,019;0,3269;0,5972;0,3269;0,0611;0,0544;0,0451;0;0,0432
0,0009000152;0,0009000152;0,0051026344;0,0005;0,0005;0,0004;0;0,0004;0,0248;0,0248;0,027;1;0,0258;0;0,022;0;0,0209;0;0,0186;0,327;0,7959;0,327;0,0885;0,0772;0,0654;0;0,0063
0,0009000152;0,0009000152;0,0046799779;0,0007;0,0007;0,0006;0;0,0006;0,0249;0,0249;0,0255;0;0,0228;0;0,0224;0;0,0202;0;0,0193;0,3305;0,599;0,3305;0,0067;0,0819;0,0876;0;0,077
0,0009000152;0,0009000152;0,0050593913;0,0007;0,0006;0,0006;0;0,0005;0,0249;0,0296;0,0249;0;0,0158;0;0,0131;0;0,0124;0;0,0114;0,3501;1,1815;0,3501;0,1776;0,1522;0,1207;0;0,0992
0,0009000152;0,0009000152;0,0044367388;0,0006;0,0006;0,0006;0;0,0006;0,0252;0,0296;0,0252;0;0,0176;0;0,018;0;0,0149;0;0,0152;0,3619;0,988;0,3619;0,0627;0,0576;0,044;0;0,0465
0,0009001493;0,0009001493;0,0044980645;0,0005;0,0005;0,0004;0;0,0004;0,0255;0,0296;0,0255;0;0,023;0;0,0197;0;0,0177;0;0,019;0,3639;0,7981;0,3639;0,0071;0,0021;0,0747;0;0,0156
0,0009001493;0,0009001493;0,0149867833;0,0006;0,0005;0,0005;0;0,0004;0,0258;0,0287;0,0258;0;0,0139;0;0,014;0;0,0111;0;0,0109;0,3763;1,1652;0,3763;0,1416;0,1019;0,1093;0;0,0955
0,0009001493;0,0009001493;0,002528131;0,0005;0,0005;0,0004;0;0,0004;0,0262;0,0297;0,0262;0;0,0241;0;0,0221;0;0,019;0;0,0188;0,3855;0,7955;0,3855;0,0718;0,062;0,0489;0;0,0389
0,0009001493;0,0009001493;0,0045979023;0,0007;0,0006;0,0006;0;0,0006;0,0262;0,0297;0,0262;0;0,0193;0;0,0181;0;0,0171;0;0,0158;0,3921;1,5697;0,3921;0,2061;0,1833;0,1498;0;0,1097
0,0009001493;0,0009001493;0,0065463185;0,0008;0,0007;0,0007;0;0,0006;0,0269;0,0296;0,0269;0;0,0167;0;0,0159;0;0,016;0;0,0151;0,4049;0,7968;0,4049;0,0965;0,0803;0,0691;0;0,0666
0,0009001493;0,0009001493;0,006047219;0,0006;0,0006;0,0005;0;0,0005;0,0274;0,0299;0,0274;0;0,0265;0;0,0233;0;0,0232;0;0,0221;0,4177;0,9931;0,4177;0,1252;0,1047;0,0939;0;0,0819
0,0009001493;0,0009001493;0,0049238801;0,0006;0,0005;0,0006;0;0,0005;0,0279;0,0294;0,0279;0;0,0192;0;0,0205;0;0,0178;0;0,0156;0,4181;0,9916;0,4181;0,008;0,1225;0,0996;0;0,0998
0,0009001493;0,0009001493;0,0037190914;0,0005;0,0005;0,0004;0;0,0004;0,0285;0,0285;0,0485;0;0,0159;0;0,0137;0;0,0128;0;0,0126;0,4182;0,7984;0,4182;0,006;0,0041;0,0221;0;0,0038
0,0009001493;0,0009001493;0,0036413074;0,0004;0,0004;0,0003;0;0,0003;0,0288;0,0297;0,0288;0;0,0204;0;0,0196;0;0,0183;0;0,0167;0,4231;1,5048;0,4231;0,1738;0,1492;0,1203;0;0,1016
0,0012000203;0,0012000203;0,0050637126;0,0009;0,0009;0,0009;0;0,0008;0,0289;0,0289;0,0379;0;0,0182;0;0,0162;0;0,0146;0;0,0139;0,433;1,1785;0,433;0,1017;0,0848;0,063;0;0,0559
0,0012000203;0,0012000203;0,0128883719;0,0009;0,0009;0,0008;0;0,0007;0,0297;0,0297;0,0298;0;0,0206;0;0,0182;0;0,0188;0;0,0175;0,4408;0,9899;0,4408;0,1391;0,1142;0,1038;0;0,0915
0,0012000203;0,0012000203;0,0041970611;0,0008;0,0007;0,0007;0;0,0007;0,0309;0,0339;0,0309;0;0,0261;0;0,0233;0;0,0208;0;0,0211;0,4651;0,9912;0,4651;0,1571;0,142;0,1244;0;0,1038
0,0012000203;0,0012000203;0,0050761402;0,0007;0,0006;0,0005;0;0,0005;0,031;0,0346;0,031;0;0,0271;0;0,0266;0;0,0252;0;0,0231;0,5262;1,1948;0,5262;0,1992;0,1641;0,119;0;0,1303
0,0012000203;0,0012000203;0,0051708817;0,0008;0,0008;0,0008;0;0,0007;0,031;0,0344;0,031;0;0,0245;0;0,0219;0;0,0199;0;0,0208;0,551;1,1811;0,551;0,1955;0,1762;0,1195;0;0,1205
0,0012000203;0,0012000203;0,0068569183;0,0008;0,0007;0,0007;0;0,0007;0,0314;0,034;0,0314;0;0,0256;0;0,0279;0;0,0261;0;0,0241;0,572;1,1861;0,572;0,1382;0,1321;0,0975;0;0,0896
0,0012000203;0,0012000203;0,0051434934;0,0009;0,0008;0,0007;0;0,0007;0,0323;0,0344;0,0323;0;0,029;0;0,0243;0;0,0251;0;0,0239;0,5966;1,5717;0,5966;0,21;0,1641;0,1271;0;0,131
0,0012000203;0,0012000203;0,0041412711;0,0007;0,0006;0,0006;0;0,0006;0,0329;0,034;0,0329;0;0,0215;0;0,0187;0;0,0158;0;0,0151;0,5995;0,9979;0,5995;0,1214;0,0914;0,0862;0;0,0855
0,0012000203;0,0012000203;0,0062949657;0,0007;0,0007;0,0006;0;0,0006;0,0329;0,0347;0,0329;1;0,0343;0;0,0269;0;0,0244;0;0,0213;0,6099;1,1907;0,6099;0,142;0,1073;0,1049;0;0,096
0,0012000203;0,0012000203;0,0077812821;0,001;0,0009;0,0007;0;0,0007;0,0335;0,0345;0,0335;0;0,0266;0;0,0246;0;0,0199;0;0,0208;0,6202;1,7896;0,6202;0,0136;0,0137;0,0091;0;0,1602
0,0012000203;0,0012000203;0,007160604;0,001;0,001;0,0009;0;0,0009;0,0338;0,0342;0,0338;0;0,0257;0;0,0195;0;0,0192;0;0,0165;0,6239;0,7783;0,6239;0,0812;0,0764;0,056;0;0,0516
0,0012001991;0,0012001991;0,0084915757;0,0009;0,0008;0,0008;0;0,0007;0,0368;0,0395;0,0368;1;0,0374;0;0,0337;0;0,0327;0;0,0317;0,6244;1,1914;0,6244;0,1683;0,0063;0,1149;0;0,0992
0,0012001991;0,0012001991;0,0055882633;0,0006;0,0006;0,0005;0;0,0005;0,0381;0,0397;0,0381;0;0,0329;0;0,0298;0;0,0282;0;0,0258;0,6359;1,5643;0,6359;0,2717;0,2358;0,201;0;0,1524
0,0012001991;0,0012001991;0,0084497929;0,0009;0,0009;0,0008;0;0,0008;0,0389;0,039;0,0389;0;0,0262;0;0,026;0;0,0231;0;0,0217;0,6367;1,3748;0,6367;0,0073;0,1613;0,1196;0;0,1137
0,0012001991;0,0012001991;0,0056533813;0,0006;0,0006;0,0006;0;0,0005;0,0391;0,0391;0,0402;0;0,0258;0;0,0229;0;0,0233;0;0,0213;0,6671;1,3947;0,6671;0,1837;0,1542;0,1381;0;0,1296
0,0012001991;0,0012001991;0,0079025701;0,0009;0,0008;0,0007;0;0,0007;0,0392;0,0392;0,0426;0;0,0307;0;0,0315;0;0,0256;0;0,026;0,6862;1,39;0,6862;0,195;0,1678;0,1358;0;0,1402
0,0012001991;0,0012001991;0,005647067;0,0007;0,0007;0,0006;0;0,0006;0,0395;0,0398;0,0395;0;0,0314;0;0,0317;0;0,0288;0;0,0289;0,7064;0,9915;0,7064;0,128;0,1056;0,0887;0;0,0755
0,0012001991;0,0012001991;0,0048680156;0,0009;0,0008;0,0008;0;0,0007;0,0407;0,044;0,0407;0;0,0342;0;0,0333;0;0,0325;0;0,0305;0,7092;1,7564;0,7092;0,1857;0,1838;0,1453;0;0,1259
0,0015000254;0,0015000254;0,0061315596;0,0011;0,0007;0,0008;0;0,0007;0,0416;0,0432;0,0416;0;0,0338;0;0,0271;0;0,0234;0;0,0232;0,7278;2,1406;0,7278;0,2132;0,1596;0,1421;0;0,1035
0,0015000254;0,0015000254;0,0080038644;0,0012;0,0012;0,0011;0;0,001;0,0417;0,0469;0,0417;0;0,0284;0;0,0257;0;0,0201;0;0,0179;0,7604;1,78;0,7604;0,1944;0,0061;0,1688;0;0,0716
0,0015000254;0,0015000254;0,0178461112;0,0016;0,0014;0,0011;0;0,001;0,0421;0,0496;0,0421;0;0,0358;0;0,0341;0;0,0324;0;0,0306;0,7619;1,5815;0,7619;0,2095;0,1984;0,0047;0;0,1572
0,0015000254;0,0015000254;0,0078602582;0,0013;0,0012;0,0011;0;0,001;0,0435;0,0441;0,0435;0;0,0264;0;0,0252;0;0,0261;0;0,0237;0,7787;1,1847;0,7787;0,1166;0,1025;0,0856;0;0,0817
0,0015000254;0,0015000254;0,0085087419;0,0013;0,0013;0,0011;0;0,001;0,0435;0,0444;0,0435;0;0,0358;0;0,032;0;0,0322;0;0,0312;0,7973;2,6416;0,7973;0,4636;0,3006;0,2767;0;0,2241
0,0015000254;0,0015000254;0,0092319399;0,0009;0,0008;0,0009;0;0,0008;0,0436;0,0445;0,0436;0;0,0279;0;0,0274;0;0,0196;0;0,0209;0,8099;1,9486;0,8099;0,2573;0,1111;0,2625;0;0,1332
0,0015000254;0,0015000254;0,0082516074;0,0011;0,001;0,0009;0;0,0009;0,044;0,0445;0,044;0;0,04;0;0,0381;0;0,0363;0;0,0333;0,8128;1,7683;0,8128;0,3255;0,267;0,218;0;0,1612
0,0015000254;0,0015000254;0,0189152807;0,0012;0,0012;0,0011;0;0,0011;0,044;0,0443;0,044;0;0,0359;0;0,0334;0;0,027;0;0,0273;0,8177;1,1834;0,8177;0,1018;0,1168;0,1099;0;0,0946
0,0015000254;0,0015000254;0,005892992;0,0008;0,0008;0,0007;0;0,0007;0,0442;0,0486;0,0442;0;0,0327;0;0,0334;0;0,0306;0;0,0295;0,832;1,92;0,832;0,2891;0,2436;0,2243;0;0,153
0,0015000254;0,0015000254;0,0077020675;0,0007;0,0006;0,0006;0;0,0006;0,0461;0,0613;0,0461;0;0,045;0;0,0402;0;0,0388;0;0,0365;0,8555;1,3803;0,8555;0,1473;0,1413;0,1097;0;0,0985
0,0015000254;0,0015000254;0,0066431612;0,001;0,0009;0,0009;0;0,0009;0,0463;0,0531;0,0463;1;0,0507;0;0,0443;0;0,0416;0;0,0364;0,8726;2,1538;0,8726;0,2685;0,2453;0,2165;0;0,0032
0,0015000254;0,0015000254;0,0067013502;0,0012;0,0011;0,001;0;0,0009;0,0464;0,0534;0,0464;0;0,0347;0;0,0325;0;0,0333;0;0,0314;0,893;2,1629;0,893;0,401;0,0035;0,2204;0;0,2127
0,0015002489;0,0015002489;0,0078338385;0,0011;0,0011;0,001;0;0,001;0,0464;0,049;0,0464;0;0,0314;0;0,0314;0;0,03;0;0,0276;0,898;1,7709;0,898;0,2056;0,1679;0,1668;0;0,1399
0,0015002489;0,0015002489;0,0078484416;0,001;0,001;0,0008;0;0,0009;0,0471;0,0493;0,0471;0;0,0435;0;0,0369;0;0,0374;0;0,0357;0,9058;1,589;0,9058;0,0112;0,0034;0,002;0;0,1351
0,0015002489;0,0015002489;0,0080402195;0,001;0,0009;0,0009;0;0,0009;0,0475;0,0577;0,0475;0;0,0366;0;0,0346;0;0,0314;0;0,0288;0,9189;4,7011;0,9189;0,2502;0,2008;0,1937;0;0,1184
0,0017999411;0,0017999411;0,0066601038;0,0014;0,0013;0,0012;0;0,0011;0,048;0,049;0,048;1;0,0486;0;0,0335;0;0,032;0;0,0259;0,9204;2,2735;0,9204;0,3599;0,2513;0,1996;0;0,1438
0,0018000305;0,0018000305;0,0086573958;0,0012;0,0011;0,001;0;0,001;0,0481;0,0491;0,0481;0;0,0465;0;0,0433;0;0,042;0;0,0397;0,9267;1,3876;0,9267;0,2347;0,0219;0,1713;0;0,0108
0,0018000305;0,0018000305;0,0081317425;0,0014;0,0012;0,0011;0;0,001;0,0484;0,0489;0,0484;0;0,0395;0;0,0352;0;0,0351;0;0,0274;0,9407;1,7811;0,9407;0,2077;0,1192;0,1478;0;0,1037
0,0018000305;0,0018000305;0,0074540377;0,001;0,0009;0,0008;0;0,0008;0,0487;0,0492;0,0487;0;0,045;0;0,0385;0;0,0353;0;0,0314;0,9565;1,7744;0,9565;0,0049;0,3088;0,278;0;0,2399
0,0018000305;0,0018000305;0,0162129253;0,0012;0,0012;0,0011;0;0,001;0,049;0,049;0,0491;1;0,0633;0;0,0415;0;0,0368;0;0,0335;0,9576;1,7737;0,9576;0,2568;0,191;0,0025;0;0,133
0,0018000305;0,0018000305;0,0077204704;0,0011;0,001;0,0011;0;0,001;0,0496;0,0528;0,0496;1;0,0871;1;0,0602;0;0,0404;0;0,0367;0,9625;2,5121;0,9625;0,2899;0,0069;0,2135;0;0,2027
0,0018000305;0,0018000305;0,0083598793;0,002;0,0014;0,0013;0;0,0012;0,05;0,0542;0,05;1;0,0524;0;0,0441;0;0,0405;0;0,0425;0,9629;1,7735;0,9629;0,3861;0,0075;0,2992;0;0,2503
0,0018000305;0,0018000305;0,0057377815;0,0007;0,0007;0,0007;0;0,0006;0,051;0,0588;0,051;0;0,0443;0;0,0421;0;0,038;0;0,0364;0,9663;1,3775;0,9663;0,1809;0,1327;0,1281;0;0,0971
0,0018000305;0,0018000305;0,0060862601;0,0009;0,0009;0,0008;0;0,0008;0,0511;0,0533;0,0511;1;0,0549;0;0,0435;0;0,0367;0;0,0339;0,9677;1,9504;0,9677;0,2833;0,0114;0,0017;0;0,1895
0,0018000305;0,0018000305;0,0078147054;0,0012;0,0011;0,0011;0;0,001;0,0511;0,0538;0,0511;0;0,041;0;0,0375;0;0,0357;0;0,0353;0,9693;2,8708;0,9693;0,4458;0,3583;0,3299;0;0,2934
0,0018000305;0,0018000305;0,0092167854;0,0013;0,0014;0,0013;0;0,0012;0,052;0,0541;0,052;0;0,046;0;0,0393;0;0,0395;0;0,0336;0,9695;2,1668;0,9695;0,0078;0,1768;0,0051;0;0,1603
0,0018000305;0,0018000305;0,0175863802;0,0018;0,0018;0,0017;0;0,0016;0,0527;0,0584;0,0527;0;0,0353;0;0,0331;0;0,0301;0;0,0297;0,9736;2,388;0,9736;0,2445;0,2347;0,2144;0;0,1494
0,0018000305;0,0018000305;0,0086031854;0,0011;0,0011;0,0011;0;0,001;0,053;0,0665;0,053;0;0,0397;0;0,0378;0;0,0357;0;0,0314;0,9736;1,5857;0,9736;0,2015;0,2265;0,1723;0;0,1603
0,0018000305;0,0018000305;0,0084465146;0,0012;0,0011;0,001;0;0,0009;0,0534;0,0585;0,0534;1;0,0546;0;0,0494;0;0,0462;0;0,0406;0,977;1,9758;0,977;0,0061;0,229;0,211;0;0,1827
0,0018000305;0,0018000305;0,0070655644;0,0013;0,0011;0,001;0;0,001;0,0543;0,0577;0,0543;1;0,0559;0;0,0531;0;0,0478;0;0,0429;0,9782;2,6524;0,9782;0,3523;0,2944;0,2468;0;0,1876
0,0018000305;0,0018000305;0,0087210536;0,0014;0,0013;0,0012;0;0,0012;0,0545;0,0676;0,0545;0;0,0448;0;0,0395;0;0,0383;0;0,0375;0,9789;2,3575;0,9789;0,0257;0,3321;0,3073;0;0,2657
0,0018002987;0,0018002987;0,0096431375;0,0016;0,0013;0,0014;0;0,0013;0,0548;0,0575;0,0548;0;0,0525;0;0,0459;0;0,0425;0;0,0388;0,9967;2,1216;0,9967;0,337;0,0192;0,2316;0;0,2173
0,0018002987;0,0018002987;0,0057286918;0,0011;0,0011;0,0009;0;0,0009;0,0561;0,0588;0,0561;0;0,0386;0;0,0373;0;0,0363;0;0,0342;1,0096;2,69;1,0096;0,3575;0,2963;0,2748;0;0,2417
0,0018002987;0,0018002987;0,0073984861;0,0012;0,0012;0,0011;0;0,0011;0,0566;0,0627;0,0566;1;0,0574;0;0,051;0;0,048;0;0,0458;1,0296;2,7166;1,0296;0,2699;0,0147;0,2146;0;0,1617
0,0021000355;0,0021000355;0,0103095472;0,0015;0,0015;0,0015;0;0,0014;0,0568;0,0632;0,0568;0;0,0506;0;0,0477;0;0,0448;0;0,0417;1,0314;2,3992;1,0314;0,0026;0,272;0,2758;0;0,2307
0,0021000355;0,0021000355;0,0091153085;0,0018;0,0015;0,0015;0;0,0014;0,0576;0,068;0,0576;0;0,0458;0;0,0366;0;0,0296;0;0,0303;1,0534;2,7245;1,0534;0,4291;0,5018;0,3964;0;0,3507
0,0021000355;0,0021000355;0,0081254244;0,0014;0,001;0,001;0;0,0009;0,0577;0,0638;0,0577;0;0,0489;0;0,0479;0;0,0387;0;0,0293;1,0647;3,0305;1,0647;0,3535;0,3127;0,2904;0;0,2498
0,0021000355;0,0021000355;0,0147573352;0,0014;0,0014;0,0013;0;0,0012;0,0582;0,0622;0,0582;0;0,0532;0;0,045;0;0,043;0;0,0385;1,0676;2,5835;1,0676;0,3508;0,346;0,2934;0;0,236
0,0021000355;0,0021000355;0,00815171;0,0013;0,0012;0,0012;0;0,0011;0,0593;0,062;0,0593;0;0,0539;0;0,052;0;0,0466;0;0,0419;1,0709;2,3261;1,0709;0,0188;0,2304;0,2473;0;0,2003
0,0021000355;0,0021000355;0,0082383454;0,0011;0,001;0,001;0;0,0009;0,062;0,071;0,062;0;0,0401;0;0,0371;0;0,0345;0;0,0319;1,0806;2,1443;1,0806;0,3874;0,3021;0,2396;0;0,2253
0,0021000355;0,0021000355;0,0150415599;0,0021;0,0019;0,0019;0;0,0018;0,0621;0,0621;0,0624;0;0,0485;0;0,0401;0;0,0383;0;0,034;1,1506;1,7851;1,1506;0,3838;0,0071;0,2594;0;0,0247
0,0021000355;0,0021000355;0,0070152879;0,0015;0,0014;0,0015;0;0,0013;0,0622;0,071;0,0622;1;0,0739;0;0,0606;1;0,0656;0;0,0603;1,1645;1,9626;1,1645;0,0044;0,0131;0,0086;0;0,0018
0,0021000355;0,0021000355;0,0091186464;0,0012;0,0011;0,001;0;0,001;0,0627;0,0682;0,0627;0;0,0515;0;0,0439;0;0,0377;0;0,034;1,1691;1,5684;1,1691;0,2572;0,1852;0,1112;0;0,093
0,0021000355;0,0021000355;0,0094575286;0,0017;0,0014;0,0014;0;0,0013;0,0627;0,063;0,0627;1;0,0721;0;0,012;1;0,0636;0;0,059;1,1707;2,2888;1,1707;0,2916;0,0077;0,2022;0;0,1734
0,0021000355;0,0021000355;0,0082204491;0,0017;0,0015;0,0015;0;0,0013;0,0636;0,0786;0,0636;1;0,0719;1;0,0642;0;0,0569;0;0,0467;1,1752;2,3687;1,1752;0,4549;0,0198;0,3235;0;0,2782
0,0021000355;0,0021000355;0,0182171911;0,0014;0,0014;0,0013;0;0,0013;0,0652;0,0692;0,0652;1;0,0805;0;0,0629;0;0,0561;0;0,0452;1,1902;1,587;1,1902;0,2136;0,1252;0,1111;0;0,109
0,0021000355;0,0021000355;0,0094188601;0,0025;0,0021;0,0021;0;0,0017;0,0654;0,0756;0,0654;0;0,0494;0;0,0478;0;0,0397;0;0,0389;1,1912;5,2502;1,1912;0,0078;0,0022;0,4771;0;0,5613
0,0021000355;0,0021000355;0,0071187615;0,0012;0,001;0,001;0;0,0009;0,0654;0,0654;0,0674;0;0,0434;0;0,042;0;0,0422;0;0,0403;1,1914;1,9294;1,1914;0,2428;0,0052;0,2403;0;0,0072
0,0021000355;0,0021000355;0,0091200173;0,0017;0,0017;0,0014;0;0,0013;0,0656;0,0753;0,0656;0;0,0483;0;0,0408;0;0,0422;0;0,0336;1,1979;4,1641;1,1979;0,0092;0,6553;0,2782;0;0,0047
0,0021003485;0,0021003485;0,0101578236;0,002;0,0018;0,0017;0;0,0016;0,0668;0,0766;0,0668;0;0,0624;0;0,0576;0;0,052;0;0,0476;1,2019;1,7738;1,2019;0,004;0,0047;0,1854;0;0,1721
0,0021003485;0,0021003485;0,0104550123;0,0016;0,0012;0,0011;0;0,001;0,067;0,0749;0,067;0;0,0534;0;0,0521;0;0,0489;0;0,045;1,222;2,6499;1,222;0,306;0,2432;0,2321;0;0,217
0,0021003485;0,0021003485;0,0101118386;0,0013;0,0011;0,0011;0;0,001;0,068;0,068;0,0683;1;0,069;0;0,0599;0;0,0512;0;0,0468;1,2487;2,7716;1,2487;0,7568;0,0067;0,4979;0;0,3722
0,0021003485;0,0021003485;0,0078934431;0,0015;0,0015;0,0015;0;0,0013;0,0682;0,0729;0,0682;0;0,048;0;0,0457;0;0,0421;0;0,0407;1,2506;2,5971;1,2506;0,3464;0,2929;0,2441;0;0,2095
0,0021003485;0,0021003485;0,0085371733;0,0016;0,0013;0,0012;0;0,0012;0,0685;0,0685;0,0704;0;0,0594;0;0,0574;0;0,0539;0;0,0504;1,2537;2,166;1,2537;0,1958;0,1486;0,1742;0;0,151
0,0024000406;0,0024000406;0,0082051754;0,0019;0,0016;0,0013;0;0,0012;0,0686;0,0813;0,0686;0;0,0529;0;0,0497;0;0,0421;0;0,0416;1,2602;2,3408;1,2602;0,1843;0,1902;0,158;0;0,1292
0,0024000406;0,0024000406;0,0077917576;0,0012;0,0011;0,001;0;0,0009;0,0691;0,0725;0,0691;0;0,0566;0;0,0485;0;0,047;0;0,0409;1,2698;1,9329;1,2698;0,3719;0,2572;0,2347;0;0,2177
0,0024000406;0,0024000406;0,0077639222;0,0014;0,0012;0,0011;0;0,001;0,0691;0,0691;0,0731;0;0,0574;0;0,0527;0;0,0509;0;0,0488;1,2712;1,9826;1,2712;0,3736;0,274;0,2236;0;0,2171
0,0024000406;0,0024000406;0,0122228414;0,002;0,0021;0,0019;0;0,0017;0,0693;0,0801;0,0693;0;0,0576;0;0,0577;0;0,0519;0;0,0484;1,3004;3,308;1,3004;0,4081;0,3694;0,371;0;0,3024
0,0024000406;0,0024000406;0,0095588863;0,0017;0,0015;0,0014;0;0,0014;0,0702;0,0811;0,0702;0;0,0535;0;0,0552;0;0,0506;0;0,046;1,3019;2,1167;1,3019;0,0098;0,3095;0,2802;0;0,2425
0,0024000406;0,0024000406;0,0086883977;0,0017;0,0016;0,0014;0;0,0014;0,0703;0,0764;0,0703;1;0,0918;1;0,081;0;0,0696;0;0,0618;1,3032;3,4752;1,3032;0,509;0,432;0,3682;0;0,3424
0,0024000406;0,0024000406;0,0065779984;0,001;0,001;0,0009;0;0,0008;0,0706;0,0756;0,0706;0;0,049;0;0,0523;0;0,0481;0;0,0456;1,3147;2,5657;1,3147;0,3659;0,0049;0,3213;0;0,0014
0,0024000406;0,0024000406;0,007285744;0,0014;0,0012;0,0012;0;0,0011;0,0709;0,0773;0,0709;0;0,0689;0;0,0618;0;0,0604;0;0,0503;1,3226;3,9032;1,3226;0,0346;0,194;0,5419;0;0,0042
0,0024000406;0,0024000406;0;0,002;0,0016;0,0016;0;0,0015;0,0713;0,0794;0,0713;0;0,0453;0;0,0397;0;0,0366;0;0,038;1,3331;2,5409;1,3331;0,0098;0,2212;0,1681;0;0,1532
0,0024000406;0,0024000406;0,0252404064;0,002;0,0018;0,0018;0;0,0017;0,0722;0,0722;0,0748;0;0,0443;0;0,0406;0;0,0373;0;0,0366;1,3543;2,5088;1,3543;0,0377;0,0078;0,446;0;0,3162
0,0024000406;0,0024000406;0,0098095983;0,0024;0,002;0,0018;0;0,0016;0,0723;0,0738;0,0723;0;0,0607;0;0,0564;0;0,0533;0;0,0487;1,3556;2,31;1,3556;0,36;0,3734;0,3387;0;0,2494
0,0024000406;0,0024000406;0,0123329163;0,0025;0,002;0,0019;0;0,0018;0,0725;0,0874;0,0725;0;0,0642;0;0,06;0;0,0501;0;0,0485;1,3571;2,6873;1,3571;0,0292;0,2671;0,0048;0;0,2227
0,0024000406;0,0024000406;0,009462744;0,0013;0,0014;0,0014;0;0,0012;0,0726;0,0772;0,0726;1;0,0966;1;0,0878;0;0,0604;0;0,0571;1,3678;2,754;1,3678;0,237;0,2048;0,1685;0;0,1537
0,0024000406;0,0024000406;0,0112523735;0,0028;0,002;0,0017;0;0,0017;0,0726;0,0802;0,0726;0;0,0343;0;0,0282;0;0,0281;0;0,0274;1,372;2,8308;1,372;0,2646;0,2066;0,1988;0;0,1671
0,0024000406;0,0024000406;0,0168492496;0,003;0,0026;0,0024;0;0,0022;0,0728;0,0731;0,0728;1;0,1488;1;0,1077;1;0,0811;1;0,0806;1,3721;2,5466;1,3721;0,0062;0,0072;0,574;0;0,4619
0,0024000406;0,0024000406;0,0115215778;0,0022;0,0022;0,0019;0;0,0019;0,0744;0,0744;0,0746;0;0,0494;0;0,0431;0;0,0399;0;0,0414;1,39;2,6237;1,39;0,4141;0,292;0,2311;0;0,252
0,0024003983;0,0024003983;0,0112482905;0,0014;0,0014;0,0013;0;0,0013;0,0744;0,0775;0,0744;0;0,0698;0;0,0691;0;0,0651;0;0,0601;1,3952;2,6952;1,3952;0,0753;0,0912;0,0057;0;0,2755
0,0024003983;0,0024003983;0,0094336271;0,0034;0,003;0,0023;0;0,0023;0,0747;0,0747;0,0776;0;0,0523;0;0,046;0;0,0418;0;0,0448;1,3964;3,3375;1,3964;0,4219;0,3808;0,2864;0;0,2826
0,0024003983;0,0024003983;0,0079444349;0,0014;0,0014;0,0013;0;0,0012;0,0765;0,0765;0,085;1;0,0854;0;0,0719;0;0,0679;0;0,0593;1,4132;5,2639;1,4132;0,3623;0,3762;0,2571;0;0,2844
0,0024003983;0,0024003983;0,0106596947;0,0031;0,0031;0,0024;0;0,0022;0,0766;0,0767;0,0766;0;0,066;0;0,0545;0;0,0561;0;0,0561;1,4294;2,9263;1,4294;0,0054;0,0129;0,4609;0;0,0066
0,0024003983;0,0024003983;0,0157886446;0,0022;0,0018;0,0015;0;0,0014;0,0767;0,0841;0,0767;1;0,0918;0;0,0685;0;0,0622;0;0,0514;1,4391;2,8514;1,4391;0,0058;0,0061;0,3716;0;0,253
0,0024003983;0,0024003983;0,0092592835;0,0012;0,0011;0,0011;0;0,0009;0,0767;0,0775;0,0767;1;0,1212;1;0,0942;1;0,0887;1;0,0826;1,4436;4,7914;1,4436;0,0104;0,0116;0,009;0;0,0116
0,0027000457;0,0027000457;0,0173859596;0,0037;0,0036;0,0024;0;0,0021;0,0772;0,0833;0,0772;1;0,0786;0;0,0687;0;0,0673;0;0,0646;1,4678;3,1426;1,4678;0,0115;0,0077;0,0254;0;0,4076
0,0027000457;0,0027000457;0,0100597292;0,0024;0,002;0,0017;0;0,0015;0,0774;0,1343;0,0774;1;0,104;1;0,0857;1;0,0828;0;0,0517;1,4715;2,4131;1,4715;0,0048;0,0076;0,1731;0;0,0242
0,0027000457;0,0027000457;0,0116598457;0,0027;0,0024;0,0022;0;0,0017;0,0776;0,0793;0,0776;1;0,0794;1;0,0779;0;0,0699;0;0,0654;1,4829;5,2195;1,4829;0,5433;0,5477;0,3768;0;0,3298
0,0027000457;0,0027000457;0,0134525299;0,0021;0,0022;0,0018;0;0,0017;0,0779;0,0779;0,0831;1;0,1352;1;0,0804;1;0,0876;1;0,0783;1,5112;2,5393;1,5112;0,3148;0,0041;0,294;0;0,2507
0,0027000457;0,0027000457;0,0118888617;0,0024;0,0021;0,0018;0;0,0017;0,078;0,0801;0,078;1;0,1007;0;0,0716;0;0,0682;0;0,0605;1,5198;2,9038;1,5198;0,0168;0,4907;0,0053;0;0,003
0,0027000457;0,0027000457;0,0092515945;0,0021;0,0017;0,0016;0;0,0014;0,0784;0,0918;0,0784;1;0,0859;0;0,0739;0;0,0599;0;0,0595;1,5325;3,0855;1,5325;0,0144;0,0185;0,2101;0;0,3329
0,0027000457;0,0027000457;0,0094133019;0,0049;0,0035;0,0032;0;0,0027;0,0788;0,083;0,0788;1;0,1134;1;0,1355;1;0,0929;0;0,0717;1,5359;4,9118;1,5359;0,7317;0,5945;0,3426;0;0,2617
0,0027000457;0,0027000457;0,0128125846;0,0018;0,0015;0,0013;0;0,0013;0,0788;0,0788;0,0834;1;0,0856;0;0,0739;0;0,0692;0;0,0608;1,5626;3,1392;1,5626;0,4261;0,0069;0,2842;0;0,2665
0,0027000457;0,0027000457;0,0110264122;0,0024;0,0023;0,0021;0;0,0021;0,0788;0,0792;0,0788;1;0,083;0;0,0623;0;0,0612;0;0,0566;1,5653;1,9835;1,5653;0,3612;0,0392;0,2901;0;0,0055
0,0027000457;0,0027000457;0,0074682832;0,0015;0,0015;0,0014;0;0,0012;0,0795;0,0876;0,0795;0;0,0732;0;0,0732;0;0,0675;0;0,0639;1,5719;2,9119;1,5719;0,4832;0,4195;0,2817;0;0,2791
0,0027000457;0,0027000457;0;0,0024;0,0025;0,0023;0;0,0022;0,0795;0,0887;0,0795;0;0,0646;0;0,0565;0;0,0578;0;0,0559;1,5902;2,3408;1,5902;0,3299;0,0044;0,1072;0;0,1826
0,0027000457;0,0027000457;0,0100585222;0,0028;0,0018;0,0017;0;0,0017;0,08;0,0951;0,08;0;0,0584;0;0,0508;0;0,0548;0;0,0458;1,5928;4,6084;1,5928;0,0144;0,0092;0,184;0;0,0707
0,002700448;0,002700448;0,0159338415;0,0023;0,0022;0,0018;0;0,0015;0,0806;0,088;0,0806;1;0,1021;1;0,1272;1;0,1098;0;0,0801;1,5963;2,9164;1,5963;0,0288;0,585;0,4838;0;0,4078
0,002700448;0,002700448;0,0142335892;0,0029;0,002;0,002;0;0,0017;0,081;0,09;0,081;0;0,023;0;0,0445;0;0,0453;0;0,038;1,6001;2,9023;1,6001;0,4117;0,0081;0,3126;0;0,2683
0,002700448;0,002700448;0,0106934905;0,0021;0,0021;0,0017;0;0,0014;0,081;0,0875;0,081;1;0,0813;1;0,0844;0;0,068;0;0,0697;1,6019;3;1,6019;0,2407;0,2882;0,2709;0;0,2087
0,002700448;0,002700448;0,011747852;0,0038;0,0029;0,0022;0;0,0021;0,081;0,0866;0,081;1;0,0973;0;0,0746;0;0,0576;0;0,055;1,6102;3,2592;1,6102;0,2643;0,256;0,2071;0;0,1576
0,002700448;0,002700448;0,0122020841;0,0017;0,0016;0,0014;0;0,0013;0,0816;0,0816;0,095;1;0,1266;0;0,0635;0;0,0522;0;0,0597;1,6343;2,5499;1,6343;0,026;0,043;0,0107;0;0,0088
0,002700448;0,002700448;0,0074863434;0,0011;0,001;0,0009;0;0,0009;0,0823;0,0823;0,0831;0;0,072;0;0,0774;0;0,0709;0;0,0679;1,6349;4,0955;1,6349;0,5435;0,0061;0,064;0;0,2645
0,002700448;0,002700448;0,0113447905;0,0026;0,0023;0,002;0;0,0021;0,0826;0,1005;0,0826;0;0,0736;0;0,0559;0;0,0628;0;0,0509;1,6406;3,5829;1,6406;0,0116;0,343;0,3037;0;0,2812
0,0030000508;0,0030000508;0,009679094;0,002;0,0018;0,0018;0;0,0017;0,083;0,0902;0,083;1;0,1149;1;0,1061;0;0,0821;0;0,0744;1,642;3,8966;1,642;0,0052;0,0178;0,3954;0;0,3074
0,0030000508;0,0030000508;0,0132553875;0,0026;0,0023;0,0023;0;0,0021;0,084;0,0945;0,084;1;0,1054;1;0,0851;0;0,0726;0;0,0743;1,6602;2,6983;1,6602;0,2106;0,183;0,1426;0;0,139
0,0030000508;0,0030000508;0,0098898485;0,0019;0,002;0,0018;0;0,0017;0,085;0,1094;0,085;0;0,066;0;0,0628;0;0,0461;0;0,0437;1,6927;2,883;1,6927;0,257;0,0048;0,0038;0;0,2149
0,0030000508;0,0030000508;0,0087824464;0,0018;0,0014;0,0014;0;0,0013;0,0854;0,0878;0,0854;1;0,0968;1;0,0903;1;0,0928;0;0,078;1,7013;3,6007;1,7013;0,0421;0,3015;0,2135;0;0,2017
0,0030000508;0,0030000508;0,0112859607;0,0028;0,0024;0,0021;0;0,0017;0,0862;0,0883;0,0862;0;0,0586;0;0,0534;0;0,0488;0;0,0458;1,7014;2,6788;1,7014;0,346;0,0185;0,2633;0;0,2319
0,0030000508;0,0030000508;0,0089476109;0,0042;0,0033;0,0016;0;0,0016;0,0865;0,0947;0,0865;0;0,0844;0;0,0832;0;0,0774;0;0,0651;1,7018;2,9641;1,7018;0,0099;0,0125;0,3534;0;0,0079
0,0030000508;0,0030000508;0,01576671;0,0023;0,0021;0,0022;0;0,0021;0,0866;0,0866;0,1015;0;0,0318;1;0,1053;1;0,0917;0;0,0676;1,7066;3,1871;1,7066;0,3071;0,2651;0,1897;0;0,1843
0,0030000508;0,0030000508;0,0135342479;0,0024;0,0023;0,0021;0;0,002;0,0871;0,105;0,0871;1;0,0948;1;0,0966;0;0,0822;0;0,0828;1,7251;2,9587;1,7251;0,0162;0,0101;0,3631;0;0,033
0,0030000508;0,0030000508;0,0203896463;0,003;0,0022;0,0019;0;0,0019;0,0872;0,0872;0,1358;0;0,0576;0;0,0658;0;0,0465;0;0,0455;1,747;3,3006;1,747;0,5573;0,393;0,3108;0;0,2569
0,0030000508;0,0030000508;0,0141367018;0,0028;0,0024;0,0022;0;0,0021;0,0879;0,1093;0,0879;0;0,0433;0;0,0342;0;0,0331;0;0,0276;1,7521;2,6972;1,7521;0,6336;0,0019;0,3774;0;0,3697
0,0030000508;0,0030000508;0,0141347349;0,0048;0,0034;0,0021;0;0,0019;0,0879;0,0917;0,0879;0;0,0656;0;0,0633;0;0,0542;0;0,0544;1,7553;3,631;1,7553;0,0045;0,0105;0,0054;0;0,4366
0,0030000508;0,0030000508;0,0106415153;0,003;0,0031;0,0017;0;0,0015;0,0883;0,1044;0,0883;1;0,1065;1;0,0955;0;0,0812;0;0,0722;1,7778;4,8638;1,7778;0,0178;0,6782;0,0061;0;0,5148
0,0030004978;0,0030004978;0,0104471743;0,0025;0,0022;0,002;0;0,0018;0,0887;0,0928;0,0887;1;0,1002;0;0,088;0;0,0794;0;0,0727;1,7887;2,5708;1,7887;0,002;0,391;0,0551;0;0,0054
0,0030004978;0,0030004978;0,0083377361;0,0016;0,0014;0,0014;0;0,0013;0,0899;0,1035;0,0899;0;0,0538;0;0,0486;0;0,0491;0;0,0436;1,8226;3,8799;1,8226;0,4921;0,4088;0,4017;0;0,3933
0,0030004978;0,0030004978;0,0233515203;0,0027;0,0022;0,0022;0;0,0021;0,0904;0,1128;0,0904;0;0,0813;0;0,0769;0;0,0734;0;0,0655;1,8339;3,6633;1,8339;0,2783;0,2067;0,1961;0;0,1605
0,0030004978;0,0030004978;0,0125167817;0,0025;0,0025;0,0022;0;0,0021;0,091;0,1132;0,091;1;0,0989;1;0,0942;0;0,0824;0;0,0651;1,8356;3,9253;1,8356;0,0098;0,0031;0,0205;0;0,0013
0,0033000559;0,0033000559;0,0088264942;0,0013;0,0011;0,0011;0;0,001;0,0914;0,0914;0,1053;1;0,1461;1;0,1443;1;0,1076;0;0,0834;1,8554;3,49;1,8554;0,5808;0,5363;0,0051;0;0,4127
0,0033000559;0,0033000559;0,008825928;0,0019;0,0019;0,0017;0;0,0016;0,0918;0,107;0,0918;0;0,0826;0;0,0823;0;0,0764;0;0,0601;1,8615;3,2395;1,8615;0,0088;0,3283;0,2676;0;0,241
0,0033000559;0,0033000559;0,0172763169;0,0021;0,0018;0,0016;0;0,0016;0,0923;0,0962;0,0923;1;0,1154;1;0,0934;0;0,0838;0;0,0633;1,8649;2,9793;1,8649;0,0131;0,0197;0,0075;0;0,6184
0,0033000559;0,0033000559;0,0144314766;0,004;0,003;0,0028;0;0,0023;0,0924;0,0949;0,0924;0;0,0584;0;0,0605;0;0,0591;0;0,0524;1,8676;3,3389;1,8676;0,0072;0,0103;0,0085;0;0,0052
0,0033000559;0,0033000559;0,0092874169;0,0021;0,0019;0,0014;0;0,0012;0,0934;0,3019;0,0934;1;0,1192;1;0,098;0;0,0687;0;0,0717;1,873;4,526;1,873;0,002;0,6583;0,4777;0;0,364
0,0033000559;0,0033000559;0,0116310269;0,0024;0,0021;0,0019;0;0,0017;0,0935;0,1124;0,0935;1;0,1146;1;0,1001;0;0,0891;0;0,0768;1,8935;4,3029;1,8935;0,5992;0,0082;0,4418;0;0,0014
0,0033000559;0,0033000559;0,0085943341;0,0014;0,0014;0,0012;0;0,0012;0,0936;0,1043;0,0936;1;0,1529;1;0,1291;1;0,0977;1;0,0941;1,8945;3,2898;1,8945;0,0165;0,0303;0,0104;0;0,0069
0,0033000559;0,0033000559;0,0110294223;0,0015;0,0018;0,0014;0;0,0013;0,094;0,0981;0,094;1;0,1682;1;0,1623;1;0,1421;1;0,1247;1,9212;2,6642;1,9212;0,0144;0,394;0,0033;0;0,319
0,0033000559;0,0033000559;0,0102975518;0,0025;0,0025;0,0021;0;0,0019;0,0942;0,1058;0,0942;0;0,0738;0;0,0809;0;0,0682;0;0,0683;1,9216;4,1066;1,9216;0,5832;0,5833;0,5273;0;0,0952
0,0033000559;0,0033000559;0,0107905343;0,0049;0,0027;0,0016;0;0,0015;0,0957;0,0987;0,0957;0;0,0867;0;0,0718;0;0,0003;0;0,0441;1,9397;4,5998;1,9397;0,9063;0,0121;0,0132;0;0,4778
0,0033005476;0,0033005476;0,0128666461;0,0024;0,002;0,002;0;0,0018;0,0964;0,1207;0,0964;1;0,0989;0;0,096;0;0,0797;0;0,0775;1,9433;3,4346;1,9433;0,0071;0,0035;0,3135;0;0,2552
0,0033005476;0,0033005476;0,0174655616;0,0022;0,0023;0,002;0;0,0018;0,0974;0,1022;0,0974;0;0,0569;0;0,0556;0;0,0522;0;0,0477;1,949;2,7255;1,949;0,8233;0,004;0,0184;0;0,0023
0,0033005476;0,0033005476;0,0138649195;0,0026;0,0023;0,0023;0;0,0018;0,0974;0,1072;0,0974;0;0,0895;0;0,0771;0;0,0722;0;0,0646;1,9571;3,5242;1,9571;0,5558;0,5467;0,4797;0;0,2386
0,0033005476;0,0033005476;0,0091301501;0,0018;0,0015;0,0014;0;0,0012;0,0974;0,1005;0,0974;0;0,0901;0;0,0823;0;0,0803;0;0,0752;1,9991;3,86;1,9991;0,0359;0,0047;0,5282;0;0,0121
0,0036000609;0,0036000609;0,0187600553;0,0027;0,0026;0,0021;0;0,0022;0,098;0,1442;0,098;0;0,0653;0;0,0529;0;0,0502;0;0,0442;2,0149;2,9847;2,0149;0,0064;0,0048;0,0011;0;0,0028
0,0036000609;0,0036000609;0,0104780644;0,0041;0,0031;0,0028;0;0,0023;0,098;0,098;0,1255;0;0,0634;0;0,0482;0;0,0418;0;0,0385;2,0172;2,9324;2,0172;0,4946;0,4751;0,3105;0;0,266
0,0036000609;0,0036000609;0,0104514956;0,0029;0,0025;0,0017;0;0,0015;0,098;0,1297;0,098;1;0,3377;1;0,3199;1;0,2696;1;0,2496;2,0422;3,2918;2,0422;0,0027;0,636;0,0089;0;0,4283
0,0036000609;0,0036000609;0,0135329068;0,0041;0,0024;0,0021;0;0,0019;0,0986;0,1457;0,0986;0;0,0942;0;0,0893;0;0,0673;0;0,07;2,0464;3,2171;2,0464;0,0089;0,0131;0,5797;0;0,3996
0,0036000609;0,0036000609;0,0219403207;0,0032;0,0031;0,0032;0;0,003;0,099;0,1053;0,099;1;0,1019;0;0,0935;0;0,0896;0;0,0831;2,0557;4,6019;2,0557;0,0054;0,0049;0,0058;0;0,5088
0,0036000609;0,0036000609;0,0102631152;0,0024;0,002;0,0017;0;0,0014;0,1001;0,1102;0,1001;1;0,1013;0;0,0979;0;0,0901;0;0,0852;2,0614;4,4952;2,0614;0,0388;0,0054;0,3941;0;0,3724
0,0036000609;0,0036000609;0,0106078535;0,0026;0,0023;0,002;0;0,0016;0,1003;0,1003;0,1176;1;0,139;1;0,1718;1;0,1197;1;0,1266;2,0643;4,0473;2,0643;0,9285;0,0104;0,3629;0;0,0047
0,0036000609;0,0036000609;0,0154983401;0,0025;0,0025;0,0024;0;0,002;0,1017;0,1198;0,1017;0;0,0023;1;0,1375;1;0,1292;1;0,1057;2,0709;3,9068;2,0709;0,7063;0,0034;0,5492;0;0,3839
0,0036000609;0,0036000609;0,0088368952;0,0019;0,0019;0,0018;0;0,0017;0,1026;0,1114;0,1026;1;0,1321;1;0,1225;1;0,1269;1;0,1062;2,1091;3,4955;2,1091;0,0136;0,0032;0,0012;0;0,0052
0,0036000609;0,0036000609;0,0092874467;0,002;0,0019;0,0019;0;0,0016;0,1029;0,1029;0,1126;0;0,0734;0;0,0705;0;0,0662;0;0,0649;2,12;3,8192;2,12;0,5945;0,3667;0,4347;0;0,3764
0,0036000609;0,0036000609;0,0156607926;0,0041;0,0034;0,0034;0;0,0028;0,1036;0,1036;0,1122;0;0,0858;0;0,0867;0;0,0752;0;0,073;2,1345;6,7917;2,1345;0,2901;0,216;0,1745;0;0,1646
0,0036000609;0,0036000609;0,0141566396;0,0052;0,0046;0,0039;0;0,0036;0,1042;0,1102;0,1042;0;0,0962;0;0,0954;0;0,0949;0;0,0889;2,1886;4,9284;2,1886;0,0053;0,0223;0,7302;0;0,0043
0,0036005974;0,0036005974;0,0137969851;0,0028;0,0029;0,0026;0;0,0019;0,1042;0,1042;0,1566;0;0,0933;0;0,1026;0;0,0882;0;0,0794;2,2048;4,067;2,2048;0,684;0,0032;0,0071;0;0,0039
0,0036005974;0,0036005974;0,0224823505;0,0035;0,0031;0,0028;0;0,0025;0,1044;0,1363;0,1044;1;0,1221;0;0,0803;0;0,0701;0;0,0595;2,2183;3,9978;2,2183;0,4622;0,392;0,0111;0;0,2251
0,0036005974;0,0036005974;0,0096006393;0,0015;0,0014;0,0012;0;0,0012;0,1053;0,1053;0,1094;0;0,0806;0;0,0681;0;0,0609;0;0,0518;2,2304;5,2916;2,2304;0,8863;0,6674;0,6117;0;0,4979
0,003900066;0,003900066;0,0150943696;0,0036;0,0031;0,0028;0;0,0023;0,1056;0,1139;0,1056;0;0,0957;0;0,0842;0;0,0831;0;0,0789;2,2323;4,2846;2,2323;0,2749;0,3626;0,317;0;0,2734
0,003900066;0,003900066;0,0117980838;0,0045;0,0045;0,0035;0;0,0035;0,1068;0,1068;0,1497;0;0,1051;0;0,0924;0;0,0807;0;0,0687;2,2728;4,0743;2,2728;0,4948;0,0136;0,0152;0;0,0061
0,003900066;0,003900066;0,0081911385;0,0012;0,0013;0,0008;0;0,0008;0,1077;0,1244;0,1077;0;0,0719;0;0,0688;0;0,0613;0;0,0641;2,3059;6,7993;2,3059;0,0131;0,0204;0,0075;0;0,6964
0,003900066;0,003900066;0,0090597868;0,0022;0,0021;0,0018;0;0,0015;0,1081;0,1331;0,1081;0;0,0894;1;0,1214;0;0,1052;0;0,0913;2,3145;12,2407;2,3145;0,8705;0,007;0,5594;0;0,4465
0,003900066;0,003900066;0,0109443069;0,0027;0,0022;0,002;0;0,0019;0,1086;0,1205;0,1086;1;0,1362;0;0,1027;1;0,1105;0;0,0847;2,3214;4,382;2,3214;0,4616;0,3817;0,3054;0;0,2115
0,003900066;0,003900066;0,0106709003;0,0023;0,0021;0,0019;0;0,0018;0,1096;0,1096;0,113;0;0,0829;0;0,0109;0;0,077;0;0,0744;2,3294;5,6901;2,3294;0,0108;0,0082;0,0048;0;0,5926
0,003900066;0,003900066;0,0125260949;0,004;0,0032;0,0032;0;0,0025;0,1098;0,1363;0,1098;1;0,1266;0;0,095;0;0,1075;0;0,0944;2,3359;4,1573;2,3359;0,0207;0,0149;0,0095;0;0,0099
0,003900066;0,003900066;0;0,0035;0,0032;0,003;0;0,0028;0,1102;0,1396;0,1102;1;0,1422;1;0,1199;1;0,1166;0;0,1036;2,3409;4,4056;2,3409;0,0086;0,0068;0,01;0;0,0018
0,003900066;0,003900066;0,0175949335;0,0039;0,0034;0,0032;0;0,003;0,1112;0,1146;0,1112;1;0,1631;1;0,1304;1;0,1272;1;0,118;2,3512;5,8375;2,3512;0,0048;0,0027;0,1791;0;0,0092
0,0039006472;0,0039006472;0,0143079162;0,0021;0,0022;0,002;0;0,002;0,1116;0,1202;0,1116;1;0,1148;0;0,1019;0;0,0866;0;0,0766;2,3701;4,6548;2,3701;1,2224;0,0145;0,0187;0;0,0027
0,0039006472;0,0039006472;0,0128794312;0,0033;0,0029;0,0025;0;0,0023;0,112;0,1157;0,112;0;0,0508;0;0,0453;0;0,046;0;0,0422;2,3791;5,8559;2,3791;0,0064;0,0039;0,0076;0;0,0041
0,0039006472;0,0039006472;0,0170834512;0,0025;0,0025;0,0021;0;0,002;0,1125;0,1307;0,1125;0;0,096;0;0,0781;0;0,0759;0;0,0727;2,3807;3,1195;2,3807;0,6255;0,0067;0,6847;0;0,0038
0,0039006472;0,0039006472;0,0136406422;0,0028;0,0025;0,0024;0;0,0021;0,1127;0,1127;0,1261;1;0,1313;0;0,1123;0;0,0699;0;0,0603;2,4057;5,6304;2,4057;0,4326;0,5245;0,3571;0;0,2783
0,0039006472;0,0039006472;0,0107924938;0,0024;0,0023;0,0022;0;0,002;0,1129;0,1129;0,1217;0;0,0808;0;0,0791;0;0,0758;0;0,0653;2,4244;4,8883;2,4244;0,6959;0,0102;0,5475;0;0,4285
0,0039006472;0,0039006472;0,0122362673;0,0035;0,0026;0,0024;0;0,0023;0,1136;0,1367;0,1136;1;0,14;1;0,1137;0;0,1051;0;0,0996;2,4603;4,9843;2,4603;0,9224;0,6738;0,0083;0;0,0035
0,0042000711;0,0042000711;0,0166637003;0,0045;0,004;0,0028;0;0,0021;0,1145;0,1145;0,1209;1;0,1202;0;0,1011;0;0,0922;0;0,085;2,4763;4,3147;2,4763;0,3938;0,3285;0,2837;0;0,255
0,0042000711;0,0042000711;0,0141258836;0,0043;0,0027;0,0032;0;0,0024;0,1157;0,1614;0,1157;1;0,1216;0;0,1066;0;0,0823;0;0,0809;2,4829;5,9459;2,4829;0,0094;0,0568;0,4286;0;0,5342
0,0042000711;0,0042000711;0,0164462924;0,0055;0,0057;0,0048;1;0,0047;0,1163;0,1258;0,1163;1;0,123;0;0,1099;0;0,1036;0;0,0968;2,4919;3,9791;2,4919;0,0136;0,0108;0,0034;0;0,0024
0,0042000711;0,0042000711;0,0142041445;0,0032;0,0031;0,0028;0;0,0025;0,1172;0,1196;0,1172;0;0,0677;0;0,0551;0;0,047;0;0,0353;2,5027;8,4309;2,5027;0,0059;0,005;0,0043;0;0,0062
0,0042000711;0,0042000711;0,0089336634;0,0019;0,0021;0,0018;0;0,0017;0,1175;0,1274;0,1175;1;0,1323;1;0,1239;0;0,1014;0;0,0819;2,5213;8,1091;2,5213;0,0095;0,002;0,413;0;0,4115
0,0042000711;0,0042000711;0,0150578618;0,007;0,0073;0,0066;1;0,0058;0,1177;0,1504;0,1177;0;0,0937;0;0,0862;0;0,0701;0;0,0733;2,5285;3,7786;2,5285;0,4654;0,3606;0,3081;0;0,2475
0,0042000711;0,0042000711;0,0065103173;0,0011;0,0009;0,0009;0;0,0008;0,1182;0,1405;0,1182;1;0,2602;1;0,2165;1;0,2035;1;0,1605;2,5762;5,2109;2,5762;0,4763;0,0058;0,4686;0;0,4078
0,0042000711;0,0042000711;0,0130727291;0,0028;0,0025;0,0027;0;0,0023;0,1185;0,1185;0,1847;0;0,0763;0;0,075;0;0,0714;0;0,066;2,5775;4,5843;2,5775;0,0067;0,0199;0,0074;0;0,0032
0,0042000711;0,0042000711;0,0170767009;0,0031;0,003;0,0027;0;0,0025;0,1187;0,1187;0,1231;1;0,1606;1;0,1574;1;0,1311;1;0,1191;2,5849;3,2526;2,5849;0,0093;0,0032;0,1487;0;0,1698
0,0042006969;0,0042006969;0,018617183;0,0031;0,0032;0,0029;0;0,0027;0,1193;0,1263;0,1193;1;0,1294;0;0,1128;0;0,1073;0;0,0877;2,605;6,4676;2,605;0,0401;0,0236;0,0213;0;0,0053
0,0045000762;0,0045000762;0,0112302303;0,0024;0,0024;0,0018;0;0,0017;0,1194;0,1194;0,1409;0;0,0798;0;0,0639;0;0,0646;0;0,0555;2,618;4,2755;2,618;0,7537;0,005;0,0078;0;0,0052
0,0045000762;0,0045000762;0,0119556189;0,0059;0,0039;0,0041;0;0,0034;0,1197;0,1207;0,1197;0;0,1142;0;0,1077;0;0,0872;0;0,0956;2,6272;4,4934;2,6272;0,781;0,0118;0,0086;0;0,562
0,0045000762;0,0045000762;0,0164584816;0,0031;0,0026;0,0023;0;0,002;0,1198;0,1364;0,1198;1;0,1581;1;0,1434;0;0,0838;0;0,1159;2,6337;7,0729;2,6337;0,8983;0,0115;0,5873;0;0,4697
0,0045000762;0,0045000762;0,0112849474;0,0033;0,0033;0,0032;0;0,0025;0,1211;0,1211;0,1472;0;0,1184;0;0,1025;0;0,0722;0;0,0788;2,6344;4,1084;2,6344;0,0074;0,3037;0,3121;0;0,2898
0,0045000762;0,0045000762;0,0145315528;0,0042;0,0039;0,0033;0;0,0028;0,1212;0,1549;0,1212;1;0,2233;1;0,1977;1;0,1751;1;0,1641;2,6421;5,611;2,6421;0,0083;0,0047;0,0094;0;0,4013
0,0045000762;0,0045000762;0,010253787;0,0018;0,0014;0,0011;0;0,0011;0,1225;0,1225;0,1984;0;0,0845;0;0,0832;0;0,077;0;0,0703;2,6684;4,0956;2,6684;0,0122;0,6444;0,0095;0;0,4324
0,0045000762;0,0045000762;0,0118014216;0,0035;0,003;0,0024;0;0,0022;0,1229;0,1371;0,1229;1;0,2161;1;0,1921;0;0,009;1;0,1605;2,6975;6,5186;2,6975;0,0141;0,0108;0,0087;0;0,0054
0,0045007467;0,0045007467;0,0169232339;0,0051;0,005;0,0045;0;0,0029;0,1231;0,1731;0,1231;0;0,0137;1;0,165;1;0,1315;1;0,1355;2,7072;6,0779;2,7072;0,016;0,0051;0,0038;0;0,0169
0,0045007467;0,0045007467;0,0118525922;0,0021;0,002;0,0018;0;0,0017;0,1233;0,1537;0,1233;0;0,0148;1;0,1728;1;0,1592;1;0,1339;2,7142;5,3805;2,7142;0,0037;0,0153;0,0027;0;0,4524
0,0045007467;0,0045007467;0,0124315023;0,0026;0,0023;0,0022;0;0,002;0,1236;0,1342;0,1236;0;0,042;0;0,044;0;0,0406;0;0,0385;2,8009;11,8404;2,8009;0,011;0,3363;0,0166;0;0,0135
0,0047998726;0,0047998726;0,0116605759;0,0024;0,0022;0,0022;0;0,0021;0,1238;0,1359;0,1238;1;0,1285;1;0,1303;0;0,1156;0;0,1095;2,8115;3,8118;2,8115;1,1402;0,081;0,0068;0;0,0045
0,0048000813;0,0048000813;0,0124656782;0,006;0,0051;0,0044;0;0,0036;0,1245;0,1245;0,1461;0;0,0927;0;0,1115;0;0,0897;0;0,0842;2,8226;8,4995;2,8226;0,0081;0,9846;0,0035;0;0,0087
0,0048000813;0,0048000813;0,0182628632;0,0056;0,005;0,0044;0;0,0039;0,1253;0,1439;0,1253;0;0,0848;0;0,0706;0;0,0605;0;0,0582;2,8438;4,2928;2,8438;0,0182;0,0055;0,0045;0;0,5463
0,0048000813;0,0048000813;0,0192171037;0,0053;0,005;0,0053;0;0,0047;0,1256;0,1439;0,1256;0;0,0728;0;0,0919;0;0,0755;0;0,0683;2,881;5,9734;2,881;0,0126;0,0104;0,0052;0;0,0175
0,0048000813;0,0048000813;0,0128087699;0,0036;0,0032;0,0025;0;0,0025;0,1269;0,3228;0,1269;0;0,0048;1;0,1923;1;0,1763;1;0,17;2,8846;6,2314;2,8846;2,2425;0,0113;0,0093;0;0,005
0,0048000813;0,0048000813;0,0131341517;0,0029;0,0031;0,0023;0;0,0014;0,1282;0,1282;0,1352;1;0,2219;1;0,2093;1;0,1727;1;0,1614;2,8855;7,4055;2,8855;0,0077;0,0065;0,0094;0;0,0029
0,0048000813;0,0048000813;0,0133559257;0,0036;0,003;0,003;0;0,0025;0,129;0,1604;0,129;1;0,1901;1;0,1501;0;0,1259;0;0,1251;2,905;5,4651;2,905;0,0059;0,5287;0,429;0;0,348
0,0048000813;0,0048000813;0,0143174827;0,0043;0,0039;0,0034;0;0,0027;0,1291;0,1435;0,1291;1;0,1574;1;0,1466;1;0,1377;0;0,1264;2,9284;7,3626;2,9284;0,0052;1,1808;0,068;0;0,0099
0,0048000813;0,0048000813;0,0186546743;0,0043;0,0045;0,004;0;0,0037;0,1329;0,1756;0,1329;1;0,2384;1;0,1925;1;0,1741;1;0,1633;2,9722;5,3789;2,9722;0,8297;0,0044;0,02;0;0,0053
0,0048000813;0,0048000813;0,008823812;0,0032;0,002;0,0018;0;0,0016;0,1332;0,1332;0,1359;0;0,086;0;0,0786;0;0,0822;0;0,0753;2,973;5,3774;2,973;1,0416;0,0038;0,0889;0;0,6111
0,0048000813;0,0048000813;0,0112694502;0,0019;0,0018;0,0017;0;0,0016;0,1334;0,1462;0,1334;1;0,1603;0;0,1169;0;0,1225;0;0,1087;2,9764;4,4305;2,9764;0,0335;0,5617;0,561;0;0,004
0,0048000813;0,0048000813;0,0189107656;0,0047;0,0043;0,0042;0;0,0039;0,134;0,134;0,1602;1;0,2024;1;0,1971;1;0,1579;1;0,1549;3,0018;5,399;3,0018;0,01;0,5938;0,0034;0;0,0013
0,0048000813;0,0048000813;0,0145235062;0,0044;0,0042;0,0041;0;0,0031;0,1345;0,145;0,1345;1;0,1401;0;0,0917;0;0,0658;0;0,0579;3,0095;5,404;3,0095;0,5932;0,5849;0,5441;0;0,0799
0,0048000813;0,0048000813;0,0197662413;0,004;0,0034;0,0036;0;0,0027;0,136;0,1549;0,136;1;0,2217;1;0,2083;0;0,0047;1;0,1531;3,0195;7,4162;3,0195;0,0061;1,4028;0,0081;0;0,0047
0,0048000813;0,0048000813;0,0109357387;0,0024;0,0021;0,0018;0;0,0016;0,1372;0,144;0,1372;1;0,3059;1;0,2744;1;0,2494;1;0,2114;3,0228;7,9626;3,0228;0,0121;0,0029;0,058;0;0,0093
0,0048007965;0,0048007965;0,0168941617;0,005;0,0036;0,0036;0;0,0033;0,1373;0,1773;0,1373;1;0,2225;1;0,2015;1;0,1652;1;0,17;3,0294;4,1321;3,0294;0,7127;0,0102;0,0055;0;0,4314
0,0048007965;0,0048007965;0,0279144049;0,0041;0,0044;0,0039;0;0,0036;0,1402;0,1595;0,1402;1;0,1697;1;0,1472;1;0,1509;0;0,1322;3,0422;4,7002;3,0422;0,9124;0,0094;0,2692;0;0,4792
0,0051000863;0,0051000863;0,0267825425;0,0093;0,0087;0,0078;1;0,0076;0,1404;0,1649;0,1404;1;0,1551;0;0,1227;0;0,1384;0;0,095;3,0518;6,6725;3,0518;0,9395;0,0107;0,0281;0;0,0023
0,0051000863;0,0051000863;0,0156955272;0,0041;0,0036;0,0031;0;0,0026;0,1409;0,1409;0,174;1;0,1656;0;0,1177;0;0,1089;0;0,0986;3,0798;5,192;3,0798;0,0109;0,0089;0,5048;0;0,0046
0,0051000863;0,0051000863;0,0134864151;0,0075;0,006;0,0057;1;0,0054;0,1409;0,189;0,1409;0;0,0087;0;0,1374;0;0,114;0;0,1143;3,0829;9,4136;3,0829;1,0002;0,0029;0,6388;0;0,5547
0,0051000863;0,0051000863;0,0163388252;0,008;0,0072;0,007;1;0,0064;0,1412;0,1493;0,1412;0;0,1331;0;0,1295;0;0,1047;0;0,0996;3,0918;5,8069;3,0918;0,057;0,8038;0,005;0;0,0055
0,0051000863;0,0051000863;0,0107339621;0,0029;0,0027;0,0025;0;0,0023;0,1415;0,172;0,1415;1;0,2436;1;0,2427;1;0,2086;1;0,1711;3,0938;5,6075;3,0938;1,7009;1,0104;0,6366;0;0,6299
0,0051000863;0,0051000863;0,0241325498;0,0059;0,0056;0,0053;0;0,0047;0,142;0,142;0,189;0;0,0067;0;0,0752;0;0,008;1;0,1472;3,1052;6,2833;3,1052;0,0047;0,0029;0,0062;0;0,4949
0,0051000863;0,0051000863;0,0188045502;0,0061;0,0061;0,0051;0;0,0049;0,1435;0,1435;0,1859;1;0,2023;1;0,1473;0;0,1322;0;0,1023;3,1377;5,8116;3,1377;0,0062;0,6033;0,0096;0;0,3609
0,0051000863;0,0051000863;0,0110240877;0,0029;0,0028;0,0022;0;0,0018;0,1438;0,1441;0,1438;0;0,093;0;0,0705;0;0,0663;0;0,0583;3,1887;7,7733;3,1887;0,7162;0,709;0,6808;0;0,568
0,0051000863;0,0051000863;0;0,0044;0,0038;0,0035;0;0,0031;0,1443;0,1445;0,1443;0;0,096;0;0,0975;0;0,0912;0;0,0854;3,1892;7,1357;3,1892;0,0311;0,0065;0,0164;0;0,0094
0,0051000863;0,0051000863;0,0113936365;0,0016;0,0016;0,0016;0;0,0014;0,1467;0,1467;0,1469;0;0,1255;0;0,1222;0;0,1162;0;0,1098;3,2092;3,5526;3,2092;0,0123;0,0031;0,0092;0;0,0042
0,0051000863;0,0051000863;0,0177781284;0,0047;0,0046;0,0042;0;0,0041;0,1467;0,1749;0,1467;0;0,0094;0;0,1428;0;0,1372;0;0,1251;3,2113;8,0494;3,2113;0,008;0,0035;0,0016;0;0,0058
0,0051000863;0,0051000863;0,0076683164;0,0015;0,0014;0,0013;0;0,0012;0,1468;0,1917;0,1468;1;0,2272;1;0,1908;1;0,1897;1;0,1557;3,2468;4,1349;3,2468;0,0451;0,5645;0,3742;0;0,3943
0,0051000863;0,0051000863;0,0103960633;0,0019;0,0019;0,0019;0;0,0017;0,1476;0,1476;0,2014;1;0,2841;0;0,0073;1;0,2244;1;0,1864;3,3062;6,1362;3,3062;0,9748;1,0885;0,0083;0;0,6866
0,0051000863;0,0051000863;0,013428092;0,0052;0,004;0,0029;0;0,0028;0,1481;0,1821;0,1481;0;0,0924;0;0,0656;0;0,0586;0;0,0385;3,3098;4,3658;3,3098;0,5278;0,0093;0,1538;0;0,008
0,0054000914;0,0054000914;0,0166493654;0,0047;0,0039;0,0038;0;0,0035;0,1482;0,1679;0,1482;0;0,0139;1;0,2311;1;0,2208;1;0,2102;3,3127;6,9378;3,3127;0,9497;0,0214;0,553;0;0,008
0,0054000914;0,0054000914;0,0132007301;0,0059;0,0052;0,0049;0;0,0048;0,1492;0,2149;0,1492;1;0,162;1;0,1593;0;0,1337;0;0,1187;3,3276;6,7844;3,3276;0,0065;0,0053;0,0201;0;0,5487
0,0054000914;0,0054000914;0,0188050568;0,0064;0,0061;0,0047;0;0,0047;0,1495;0,1495;0,1516;1;0,197;0;0,0124;1;0,1672;1;0,1685;3,3291;7,4105;3,3291;0,004;0,0172;0,0064;0;0,1993
0,0054000914;0,0054000914;0,0136676431;0,006;0,0044;0,0046;0;0,0041;0,1503;0,1503;0,1628;1;0,1574;0;0,1406;0;0,1112;0;0,0657;3,3393;6,5627;3,3393;1,5909;0,0152;0,0052;0;0,003
0,0054000914;0,0054000914;0,023019582;0,0108;0,0094;0,008;1;0,0064;0,1513;0,1657;0,1513;1;0,2535;1;0,2014;1;0,1753;0;0,1507;3,3583;5,7092;3,3583;0,0091;0,004;0,9713;0;0,0034
0,0054000914;0,0054000914;0,0160708129;0,0077;0,0057;0,0055;0;0,0048;0,1513;0,1625;0,1513;0;0,0163;1;0,2109;0;0,0972;1;0,1783;3,3777;5,4778;3,3777;1,4936;0,0103;0,0145;0;0,0135
0,0054000914;0,0054000914;0,0232086778;0,0054;0,0049;0,0044;0;0,0038;0,153;0,166;0,153;0;0,1076;0;0,0961;0;0,0911;0;0,0762;3,3974;4,9319;3,3974;0,0096;0,0083;0,7446;0;0,5131
0,0054008961;0,0054008961;0,0164057761;0,0041;0,003;0,0031;0;0,0029;0,1537;0,1667;0,1537;1;0,17;0;0,1393;0;0,1334;0;0,1239;3,4287;12,4504;3,4287;0,0119;0,0051;0,0089;0;0,1918
0,0054008961;0,0054008961;0,0144455582;0,0034;0,0031;0,003;0;0,0026;0,1543;0,1543;0,1747;1;0,1632;1;0,1559;0;0,144;0;0,1373;3,4441;6,6404;3,4441;0,0103;0,0093;0,0032;0;0,0106
0,0057000965;0,0057000965;0,0139043927;0,0082;0,0067;0,0063;0;0,0055;0,1552;0,1756;0,1552;1;0,1754;0;0,1434;0;0,1333;0;0,1225;3,4446;6,4996;3,4446;0,8215;0,011;0,0032;0;0,0015
0,0057000965;0,0057000965;0,0175203457;0,0078;0,0073;0,006;0;0,0053;0,1562;0,1808;0,1562;0;0,1396;0;0,1061;0;0,0849;0;0,0687;3,4499;4,0285;3,4499;0,253;0,2642;0,192;0;0,2099
0,0057000965;0,0057000965;0,0149047971;0,003;0,0025;0,0022;0;0,0021;0,1576;0,1576;0,1659;0;0,1299;0;0,1285;0;0,1091;0;0,101;3,4682;8,3797;3,4682;0,0123;0,0232;0,007;0;1,051
0,0057000965;0,0057000965;0,0160235167;0,0057;0,0045;0,0042;0;0,004;0,1577;0,1815;0,1577;1;0,2588;1;0,2591;1;0,2349;1;0,1736;3,4847;7,4079;3,4847;0,0024;0,755;0,6175;0;0,509
0,0057000965;0,0057000965;0,0372243822;0,0053;0,0042;0,0044;0;0,0038;0,1586;0,1586;0,1624;1;0,2223;1;0,164;0;0,1239;0;0,1188;3,4873;6,5215;3,4873;0,0106;0,8238;0,0032;0;0,002
0,0057000965;0,0057000965;0,0132750273;0,0077;0,0062;0,0053;0;0,0054;0,1589;0,1773;0,1589;1;0,2096;1;0,2287;0;0,007;1;0,1813;3,5325;6,1303;3,5325;0,0161;0,0026;0,0048;0;0,0059
0,0057000965;0,0057000965;0,0148959756;0,0065;0,0064;0,0061;0;0,0051;0,1605;0,162;0,1605;1;0,1747;0;0,1438;0;0,1227;0;0,1063;3,5457;9,7767;3,5457;0,0251;0,0332;0,0067;0;0,0026
0,0057000965;0,0057000965;0,0157820284;0,0072;0,0053;0,0037;0;0,0043;0,1605;0,1605;0,3316;0;0,0101;0;0,0159;1;0,2428;0;0,0066;3,5631;5,8336;3,5631;1,3433;0,0067;0,0047;0;0,0079
0,0057009459;0,0057009459;0,0143391192;0,0035;0,0032;0,0029;0;0,0027;0,1609;0,185;0,1609;0;0,0096;1;0,2397;1;0,206;0;0,0012;3,6192;7,3669;3,6192;0,0137;0,0075;0,0239;0;0,0053
0,0057009459;0,0057009459;0,0182919204;0,0047;0,0037;0,0035;0;0,0036;0,1633;0,255;0,1633;0;0,1389;0;0,1246;0;0,1208;0;0,1067;3,6318;7,5066;3,6318;0,0342;0,8042;0,7404;0;0,5184
0,0057009459;0,0057009459;0,0120114088;0,0035;0,003;0,002;0;0,0024;0,1638;0,1886;0,1638;0;0,011;0;0,0068;0;0,1622;0;0,1426;3,6498;5,399;3,6498;0,5073;0,4236;0,3886;0;0,3348
0,0060001016;0,0060001016;0,0171896815;0,0046;0,0042;0,0039;0;0,0034;0,1647;0,1708;0,1647;1;0,1815;0;0,1385;0;0,1278;0;0,1163;3,6522;4,6134;3,6522;0,7649;0,5371;0,4406;0;0,3885
0,0060001016;0,0060001016;0,0190600753;0,0067;0,006;0,0058;0;0,005;0,1666;0,1666;0,2034;1;0,1862;1;0,1771;0;0,1503;0;0,1367;3,704;3,704;4,3302;0,5922;0,4283;0,343;0;0,2555
0,0060001016;0,0060001016;0,0208290517;0,0071;0,0062;0,0059;0;0,0036;0,167;0,1989;0,167;1;0,2391;1;0,1831;1;0,1822;0;0,1515;3,7187;8,35;3,7187;2,3174;0,0062;0,0055;0;0,0033
0,0060001016;0,0060001016;0,0174077228;0,0045;0,0045;0,004;0;0,0039;0,1677;0,1932;0,1677;0;0,0362;1;0,1682;0;0,143;0;0,1395;3,722;4,6081;3,722;0,0052;0,535;0,5171;0;0,4773
0,0060001016;0,0060001016;0,017344445;0,0094;0,0091;0,0086;1;0,0085;0,1681;0,2055;0,1681;1;0,2609;1;0,2256;1;0,2128;1;0,2025;3,7862;5,4349;3,7862;0,0135;0,0166;0,011;0;0,0804
0,0060001016;0,0060001016;0,0094234943;0,0012;0,0014;0,0012;0;0,001;0,1683;0,1981;0,1683;0;0,0166;0;0,0125;1;0,2182;1;0,1993;3,8618;14,7435;3,8618;0,0188;1,0417;0,6295;0;0,0084
0,0060001016;0,0060001016;0,0161629915;0,0063;0,0059;0,0061;0;0,0052;0,1687;0,1779;0,1687;1;0,2348;0;0,0055;1;0,2078;0;0,0051;3,9078;6,2667;3,9078;0,0064;0,9407;0,0048;0;0,0042
0,0060001016;0,0060001016;0,0161125958;0,0036;0,0032;0,0023;0;0,0018;0,1688;0,1831;0,1688;0;0,1646;0;0,1565;0;0,1466;0;0,0015;3,908;8,3217;3,908;0,0138;0,0049;0,0099;0;0,0118
0,0060001016;0,0060001016;0,0242466629;0,0052;0,0046;0,0047;0;0,0043;0,1698;0,1698;0,3295;1;0,2265;1;0,176;0;0,1612;0;0,1153;3,9421;9,6373;3,9421;0,0208;0,0046;0,007;0;0,5183
0,0060001016;0,0060001016;0,0188606381;0,0091;0,0074;0,0075;1;0,0067;0,1699;0,1699;0,2037;0;0,0089;1;0,3129;0;0,0051;0;0,0262;3,9687;6,7845;3,9687;0,0148;1,0013;0,7727;0;0,6085
0,0062998235;0,0062998235;0,0112378299;0,0062;0,0047;0,0036;0;0,0032;0,1702;0,1734;0,1702;1;0,2605;1;0,2545;1;0,2162;1;0,2003;3,9925;5,6508;3,9925;1,675;1,216;0,3901;0;0,0034
0,0063001066;0,0063001066;0,01907745;0,0046;0,0054;0,0044;0;0,0041;0,1711;0,1711;0,1796;0;0,1632;0;0,1412;0;0,0966;0;0,0934;4,0332;6,8342;4,0332;1,1489;0,988;0,6633;0;0,7368
0,0063001066;0,0063001066;0,0190593079;0,005;0,005;0,0045;0;0,004;0,1713;0,2137;0,1713;0;0,1685;0;0,1354;0;0,1427;0;0,1286;4,06;5,6039;4,06;0,7494;0,0071;0,4371;0;0,3393
0,0063001066;0,0063001066;0;0,0055;0,0044;0,0032;0;0,0034;0,1714;0,1714;0,1805;0;0,0099;1;0,2327;1;0,2319;1;0,204;4,0879;7,1285;4,0879;0,8197;0,0069;0,7366;0;0,6157
0,0063001066;0,0063001066;0,0135088861;0,0087;0,0083;0,0072;1;0,0067;0,1722;0,1768;0,1722;0;0,0178;1;0,2226;1;0,1953;0;0,1613;4,1083;7,3957;4,1083;0,0142;0,0069;0,0033;0;0,0056
0,0063001066;0,0063001066;0,0142002851;0,0055;0,0045;0,0044;0;0,0037;0,1722;0,1924;0,1722;0;0,1471;0;0,1613;0;0,1215;0;0,1274;4,1216;6,818;4,1216;0,007;0,0109;0,0932;0;0,0072
0,0063001066;0,0063001066;0,0263238251;0,0058;0,0057;0,005;0;0,0052;0,1726;0,2153;0,1726;1;0,4558;1;0,2112;0;0,0102;0;0,0057;4,1704;5,4478;4,1704;0,0099;0,0048;0,0041;0;0,7599
0,0063001066;0,0063001066;0,0260205269;0,0114;0,0115;0,0105;1;0,01;0,1753;0,2315;0,1753;0;0,0047;0;0,0047;0;0,0023;1;0,3901;4,2281;6,0304;4,2281;0,0087;0,0088;0,3653;0;0,0092
0,0063001066;0,0063001066;0,0141473562;0,0047;0,0033;0,0023;0;0,0019;0,1758;0,2236;0,1758;1;0,3266;1;0,2653;1;0,2119;1;0,185;4,2347;6,0619;4,2347;0,0171;0,0069;0,0044;0;0,0111
0,0063001066;0,0063001066;0,0278394222;0,0078;0,0072;0,0064;0;0,0062;0,1761;0,1842;0,1761;1;0,2094;1;0,1768;0;0,1619;0;0,1396;4,2846;12,6107;4,2846;0,01;0,0051;0,0102;0;0,0077
0,0063001066;0,0063001066;0,0115042925;0,0035;0,0041;0,0036;0;0,0027;0,177;0,2191;0,177;0;0,166;0;0,1156;0;0,111;0;0,0924;4,2941;4,2941;5,0034;0,0082;0,0028;0,005;0;0,301
0,0063010454;0,0063010454;0,0129977614;0,0043;0,0038;0,0025;0;0,0022;0,1783;0,1783;0,2828;1;0,1845;0;0,1393;0;0,1242;0;0,099;4,3514;6,2565;4,3514;0,0075;0,0334;0,0176;0;0,0053
0,0066001117;0,0066001117;0,0256549418;0,0119;0,0103;0,0098;1;0,0077;0,1795;0,1852;0,1795;0;0,1611;0;0,1661;0;0,1282;0;0,1208;4,3725;6,8581;4,3725;0,005;0,009;0,003;0;0,0021
0,0066001117;0,0066001117;0,0136794448;0,009;0,0078;0,0068;0;0,0064;0,1801;0,2038;0,1801;0;0,1558;0;0,1404;0;0,1259;0;0,122;4,3879;7,2604;4,3879;0,7331;0,33;0,3773;0;0,31
0,0066001117;0,0066001117;0,0153718293;0,006;0,0057;0,0053;0;0,0038;0,1812;0,1812;0,3691;1;0,2098;1;0,1919;1;0,1882;0;0,1725;4,3986;7,3559;4,3986;0,7351;0,6133;0,5013;0;0,4565
0,0066001117;0,0066001117;0,0169176534;0,0062;0,0057;0,0055;0;0,0047;0,1856;0,1856;0,1904;0;0,0207;0;0,0338;0;0,0061;0;0,0108;4,439;6,5888;4,439;0,0733;0,0118;0,0054;0;0,0076
0,0066001117;0,0066001117;0,0172019601;0,0077;0,0073;0,0068;0;0,0065;0,1868;0,217;0,1868;1;0,247;1;0,2057;1;0,2095;1;0,2027;4,457;9,9776;4,457;0,003;0,853;0,0177;0;0,0082
0,0066001117;0,0066001117;0,0247303545;0,0065;0,0065;0,0063;0;0,0054;0,1869;0,1869;0,2061;0;0,0059;1;0,1989;0;0,1645;0;0,1548;4,4903;7,0327;4,4903;0,0392;0,0197;0,0059;0;0,0033
0,0066001117;0,0066001117;0,0167295635;0,008;0,0072;0,0072;0;0,0059;0,1886;0,2179;0,1886;1;0,2595;1;0,2277;1;0,2291;0;0,0103;4,5117;10,9661;4,5117;0,0141;0,0161;0,016;0;0,0103
0,0066001117;0,0066001117;0,0173034072;0,0052;0,0047;0,0041;0;0,0039;0,1907;0,2811;0,1907;0;0,1775;0;0,181;0;0,1566;0;0,1544;4,5227;5,64;4,5227;1,1976;0,5446;0,6136;0;0,0059
0,0066001117;0,0066001117;0,0209015012;0,0077;0,0062;0,0062;0;0,0058;0,1924;0,2092;0,1924;0;0,01;1;0,2925;0;0,0041;0;0,0277;4,5485;7,9136;4,5485;0,0105;0,0144;0,011;0;0,0073
0,0066001117;0,0066001117;0,0199671984;0,0043;0,0041;0,0041;0;0,0038;0,193;0,2141;0,193;0;0,016;0;0,0101;0;0,0412;1;0,2397;4,598;4,8754;4,598;0,0128;0,0063;1,2346;0;0,0042
0,0066001117;0,0066001117;0,0214668661;0,0071;0,0067;0,0048;0;0,0046;0,1956;0,1956;0,2077;1;0,2373;1;0,1982;0;0,1804;0;0,1673;4,6858;9,1881;4,6858;1,3081;1,4242;0,0082;0;0,0087
0,0066001117;0,0066001117;0,017377466;0,007;0,0052;0,006;0;0,0051;0,196;0,196;0,757;1;0,3701;0;0,0036;1;0,2763;1;0,2557;4,6974;8,5805;4,6974;0,0028;0,0054;0,0016;0;0,0065
0,0066003203;0,0066003203;0,0239228904;0,0086;0,0088;0,0076;1;0,0071;0,198;0,198;0,2089;1;0,2304;1;0,2019;0;0,1739;0;0,166;4,721;8,5118;4,721;0,0124;0,0063;0,0112;0;0,0431
0,0066010952;0,0066010952;0,0133450478;0,0055;0,0047;0,0033;0;0,0024;0,1984;0,2314;0,1984;1;0,222;1;0,2035;0;0,1679;0;0,1677;4,7232;10,1846;4,7232;0,0095;0,0096;0,0149;0;0,0081
0,0069001168;0,0069001168;0,0168752223;0,0089;0,0083;0,007;0;0,0055;0,1988;0,1988;0,2189;1;0,3622;0;0,0117;0;0,0049;0;0,0017;4,7349;8,0813;4,7349;0,0113;0,005;0,0031;0;0,005
0,0069001168;0,0069001168;0,0228002071;0,0081;0,0072;0,0063;0;0,0052;0,1991;0,242;0,1991;0;0,1641;0;0,1607;0;0,1433;0;0,1397;4,7776;12,0593;4,7776;2,0015;0,0178;0,271;0;0,0096
0,006901145;0,006901145;0,0217058659;0,0075;0,0071;0,0065;0;0,0063;0,1991;0,2524;0,1991;1;0,2386;1;0,2232;1;0,212;1;0,2025;4,7797;7,4186;4,7797;1,8064;0,0516;1,0267;0;0,0055
0,0071997941;0,0071997941;0,0092310905;0,0021;0,0021;0,0016;0;0,0016;0,1997;0,1997;0,265;0;0,0098;1;0,2687;1;0,2483;0;0,0118;4,8454;10,7253;4,8454;0,0276;0,0196;0,0051;0;0,7524
0,0072001219;0,0072001219;0,0145989656;0,0099;0,0085;0,0065;0;0,0065;0,2001;0,2508;0,2001;1;0,4498;1;0,3823;1;0,3658;1;0,3202;4,8782;7,2382;4,8782;0,0118;0,0071;0,0171;0;0,3792
0,0072001219;0,0072001219;0,0166208446;0,0084;0,0089;0,0088;1;0,0082;0,2001;0,2001;0,2384;0;0,0092;0;0,0095;1;0,3445;0;0,0107;4,9234;11,4547;4,9234;0,02;0,0037;0,0064;0;0,0279
0,0072001219;0,0072001219;0,011223048;0,0039;0,0036;0,0029;0;0,0028;0,2011;0,2232;0,2011;0;0,0508;0;0,002;0;0,0111;0;0,0047;4,9306;8,4245;4,9306;0,0489;0,0387;0,0102;0;0,0109
0,0072001219;0,0072001219;0,0174888074;0,0091;0,0084;0,0079;0;0,0071;0,2031;0,2587;0,2031;1;0,26;1;0,2766;0;0,1785;0;0,1834;4,9543;7,0229;4,9543;0,0134;0,0111;0,0089;0;0,842
0,0072001219;0,0072001219;0,0149655491;0,0052;0,0048;0,0037;0;0,0023;0,2036;0,2036;0,2525;1;0,3111;0;0,0189;1;0,2719;1;0,2524;5,0074;6,6475;5,0074;0,0154;0,0133;0,0056;0;0,0056
0,0072001219;0,0072001219;0,018149972;0,0103;0,0088;0,0082;1;0,0076;0,2036;0,2036;0,208;0;0,1989;0;0,1809;0;0,1591;0;0,1575;5,1016;8,0986;5,1016;0,0144;0,033;0,0089;0;1,2004
0,0072001219;0,0072001219;0,0200346112;0,0079;0,0068;0,0057;0;0,0053;0,2041;0,2391;0,2041;1;0,3148;1;0,2981;1;0,262;1;0,2325;5,1236;8,5718;5,1236;0,0183;0,0399;0,0071;0;0,0026
0,0072011948;0,0072011948;0,0162520111;0,0028;0,0024;0,0025;0;0,0021;0,2041;0,2354;0,2041;1;0,3992;0;0,0078;1;0,3155;1;0,2301;5,1297;11,0526;5,1297;0,0044;0,003;0,0009;0;1,0184
0,0072011948;0,0072011948;0,0335964262;0,009;0,0084;0,0082;0;0,0072;0,2048;0,2048;0,2132;1;0,2406;1;0,2619;1;0,2127;0;0,2029;5,1415;8,0514;5,1415;0,0132;0,005;0,0113;0;0,0199
0,0072011948;0,0072011948;0,0295346379;0,0081;0,0064;0,0055;0;0,0043;0,2058;0,2174;0,2058;1;0,3428;1;0,3249;1;0,2763;1;0,2551;5,1596;8,3035;5,1596;0,0395;0,0035;0,0072;0;0,6314
0,007500127;0,007500127;0,0125107467;0,0035;0,003;0,0027;0;0,0023;0,2066;0,2066;0,3078;1;0,2614;1;0,2418;1;0,2577;1;0,2166;5,1613;11,9454;5,1613;0,9121;0,8457;0,5428;0;0,4434
0,007500127;0,007500127;0,0200806856;0,0057;0,0054;0,0055;0;0,0049;0,207;0,207;0,239;1;0,3296;1;0,2913;1;0,2574;1;0,2591;5,1802;10,1356;5,1802;0,0378;0,0203;0,0177;0;0,0079
0,007500127;0,007500127;0,0161035657;0,0138;0,0092;0,0091;0;0,0075;0,208;0,208;0,2678;0;0,0372;0;0,0361;0;0,0327;0;0,0321;5,2183;7,1793;5,2183;0,0384;0,0275;0,0084;0;0,0298
0,007500127;0,007500127;0,0130024552;0,0033;0,0035;0,0031;0;0,0023;0,2095;0,2095;0,2916;0;0,157;0;0,1468;0;0,112;0;0,0934;5,2341;8,7955;5,2341;0,934;0,6906;0,59;0;0,4781
0,0075012445;0,0075012445;0,0248348564;0,0101;0,0085;0,0085;1;0,0077;0,2098;0,2098;0,2701;1;0,2405;0;0,1711;0;0,157;0;0,1265;5,2418;8,5541;5,2418;0,0066;0,0105;0,0139;0;0,2538
0,0075012445;0,0075012445;0,0199499875;0,0086;0,0083;0,0074;0;0,0057;0,2114;0,2114;0,367;1;0,3198;0;0,0453;1;0,2941;0;0,013;5,2425;5,2425;5,5353;0,0109;0,025;0,0153;0;0,0008
0,0075012445;0,0075012445;0,0217362642;0,0082;0,0079;0,0076;0;0,0071;0,2119;0,2119;0,2682;1;0,3238;1;0,3007;1;0,2503;1;0,2465;5,2514;20,1376;5,2514;0,0061;0,0108;0,0131;0;0,0724
0,0075012445;0,0075012445;0,0159449577;0,0089;0,0063;0,0064;0;0,0056;0,2129;0,2918;0,2129;1;0,3203;0;0,002;1;0,2467;1;0,2526;5,2578;16,4346;5,2578;0,0228;0,0344;0,4812;0;0,0143
0,0075012445;0,0075012445;0,020844534;0,0079;0,0068;0,0062;0;0,0055;0,2136;0,2136;0,2639;0;0,1902;0;0,1748;0;0,1613;0;0,1548;5,3215;9,9307;5,3215;0,0134;0,0038;0,0167;0;0,0027
0,0075012445;0,0075012445;0,0258875489;0,0106;0,0092;0,0087;1;0,008;0,2137;0,2137;0,2874;1;0,3101;1;0,2882;1;0,2612;1;0,2511;5,3251;7,486;5,3251;0,0142;0,0126;0,011;0;0,0315
0,0075012445;0,0075012445;0,0302810073;0,0078;0,008;0,0067;0;0,0067;0,2145;0,2205;0,2145;1;0,5535;1;0,49;0;0,0112;0;0,002;5,3262;5,7113;5,3262;0,0148;0,0028;0,0739;0;0,0044
0,0075012445;0,0075012445;0,0171146393;0,0066;0,0057;0,0054;0;0,0042;0,2149;0,2149;0,2574;1;0,2359;1;0,2788;0;0,0032;1;0,2417;5,3384;8,078;5,3384;0,001;0,0078;0,0088;0;0,0047
0,007800132;0,007800132;0,0310406983;0,0099;0,0082;0,0078;0;0,0072;0,2155;0,2155;0,262;0;0,0229;1;0,3226;0;0,0187;0;0,0138;5,3509;7,5227;5,3509;0,9746;0,9667;0,005;0;0,482
0,007800132;0,007800132;0,0132870674;0,0069;0,0042;0,0035;0;0,0034;0,2173;0,2929;0,2173;0;0,0089;0;0,0104;1;0,3946;1;0,3489;5,4225;8,3659;5,4225;0,0038;0,0032;0,8471;0;0,6984
0,0078012943;0,0078012943;0,0198837817;0,0083;0,0074;0,0064;0;0,0059;0,2175;0,2175;0,28;1;0,3039;1;0,2764;0;0,0199;0;0,0029;5,4727;6,5532;5,4727;1,392;0,0074;0,0036;0;0,0122
0,0078012943;0,0078012943;0,0193747878;0,0106;0,0095;0,0089;1;0,0082;0,2178;0,2178;0,2714;0;0,2044;0;0,175;0;0,1791;0;0,1818;5,5199;10,5751;5,5199;0,0261;0,0155;0,1675;0;0,4923
0,0078012943;0,0078012943;0,0125681758;0,004;0,0029;0,0032;0;0,0028;0,2184;0,2723;0,2184;0;0,0188;0;0,0072;0;0,0122;0;0,0043;5,5581;8,4263;5,5581;0,0101;0,0068;0,0109;0;0,0076
0,0078012943;0,0078012943;0,0169993043;0,0115;0,0098;0,0096;1;0,0085;0,2208;0,2208;0,3115;0;0,2127;1;0,2263;0;0,1704;0;0,1677;5,6241;8,0698;5,6241;0,0097;0,0125;0,0047;0;0,5535
0,0081001371;0,0081001371;0,0141246319;0,0025;0,0024;0,0022;0;0,0017;0,2233;0,2233;0,2277;0;0,0044;0;0,0025;1;0,293;0;0,1273;5,6362;14,2458;5,6362;0,0639;0,0151;0,0161;0;0,0049
0,0081001371;0,0081001371;0;0,0089;0,0077;0,0077;0;0,0071;0,2241;0,2241;0,3193;1;0,2597;1;0,2418;0;0,2006;0;0,0035;5,7645;12,8784;5,7645;1,9961;0,01;0,8943;0;0,0104
0,0081001371;0,0081001371;0,0189676136;0,0088;0,0077;0,0075;0;0,0061;0,2279;0,2353;0,2279;1;0,2348;0;0,2225;0;0,1948;0;0,1861;5,8856;7,7199;5,8856;0,018;0,0091;0,0026;0;0,0036
0,0081001371;0,0081001371;0,0218055844;0,0143;0,0129;0,0119;1;0,0108;0,2319;0,2319;0,2402;1;0,3397;1;0,2401;1;0,2761;0;0,014;5,9068;9,3327;5,9068;0,0801;0,0115;0,0036;0;0,0054
0,0081001371;0,0081001371;0,0212471783;0,0131;0,0116;0,011;1;0,0094;0,2326;0,2326;0,2352;0;0,129;0;0,1285;0;0,1149;0;0,1111;5,9226;10,7154;5,9226;0,0104;0,8085;0,5448;0;0,5518
0,0081001371;0,0081001371;0,0285334289;0,0163;0,0125;0,013;1;0,0117;0,2329;0,2329;0,2658;1;0,4277;0;0,0164;0;0,0051;1;0,2855;5,9526;8,1839;5,9526;0,0072;0,017;0,0202;0;0,0037
0,0081013441;0,0081013441;0,019631952;0,0057;0,0057;0,0036;0;0,0037;0,2339;0,2339;0,3191;0;0,1211;0;0,1286;0;0,1065;0;0,0811;5,9674;9,519;5,9674;0,0075;0,0037;0,2645;0;0,778
0,0081013441;0,0081013441;0,0258924365;0,0149;0,0105;0,0111;1;0,0106;0,235;0,2583;0,235;1;0,2944;1;0,2815;1;0,2695;1;0,2467;5,9734;9,6686;5,9734;0,0043;0,6562;0,0415;0;0,0058
0,0084001422;0,0084001422;0,0192989409;0,0102;0,0102;0,0076;0;0,0076;0,2371;0,2371;0,255;1;0,2406;0;0,1628;0;0,2247;0;0,1856;5,9997;11,6287;5,9997;0,5932;0,0054;0,0241;0;0,0093
0,0084001422;0,0084001422;0,0243932903;0,0092;0,0085;0,0074;0;0,0066;0,2372;0,2526;0,2372;1;0,3323;0;0,0079;1;0,2813;1;0,2731;6,0169;9,0061;6,0169;2,3142;0,0068;0,0148;0;1,1249
0,0084001422;0,0084001422;0,0263157487;0,0111;0,0102;0,0092;1;0,0095;0,2382;0,2382;0,3646;1;0,3976;0;0,0021;1;0,3536;1;0,327;6,0192;8,7496;6,0192;0,009;0,0076;0,0199;0;1,4767
0,008400619;0,008400619;0,0131473541;0,0024;0,002;0,0018;0;0,0016;0,2401;0,2401;0,2431;1;0,3584;1;0,2814;1;0,2447;0;0,2234;6,045;7,8437;6,045;0,0068;1,1346;0,0046;0;0,0045
0,008400619;0,008400619;0,0176211819;0,0103;0,0096;0,0087;1;0,0088;0,2403;0,3015;0,2403;1;0,3412;1;0,2706;1;0,2429;0;0,2159;6,0584;7,5682;6,0584;0,018;0,3455;0,0055;0;0,6301
0,0084013939;0,0084013939;0,0147024989;0,0081;0,007;0,0053;0;0,0053;0,2425;0,2425;0,2758;0;0,0034;0;0,0131;1;0,3783;0;0,009;6,0612;8,5713;6,0612;0,0197;0,0071;0,0238;0;0,0056
0,0084013939;0,0084013939;0,0155035853;0,0066;0,0056;0,0051;0;0,0048;0,2426;0,2426;0,3245;0;0,0132;0;0,0339;1;0,3154;0;0,0148;6,1636;7,8498;6,1636;1,0503;0,0082;0,0128;0;0,0199
0,0084013939;0,0084013939;0,0101623535;0,0011;0,0012;0,0011;0;0,0011;0,2427;0,2427;0,2453;0;0,1698;0;0,1829;0;0,1599;0;0,1292;6,2199;11,0922;6,2199;0,0367;0,009;0,0061;0;0,0076
0,0087001473;0,0087001473;0,0165881515;0,0087;0,0083;0,0077;0;0,0067;0,2455;0,2455;0,3123;1;0,3407;1;0,2506;1;0,2594;0;0,2269;6,3598;9,2718;6,3598;0,0094;0,0151;0,0196;0;0,0096
0,0087001473;0,0087001473;0,0198337138;0,0046;0,0056;0,0056;0;0,0041;0,2455;0,2455;0,4193;0;0,0668;0;0,0158;1;0,4111;0;0,0015;6,4193;9,0738;6,4193;0,0056;0,015;0,0126;0;0,6719
0,0087001473;0,0087001473;0,0205954313;0,0042;0,0038;0,0036;0;0,0036;0,2458;0,2458;0,2482;1;0,3554;0;0,0048;0;0,0045;1;0,247;6,4571;11,1376;6,4571;0,0183;0,0027;0,8488;0;0,0023
0,0087001473;0,0087001473;0,0196143985;0,0114;0,0104;0,0084;0;0,007;0,2463;0,2463;0,2953;1;0,3173;1;0,2636;1;0,2665;0;0,2267;6,6236;6,6236;7,7163;0,0095;0,0195;0,0043;0;0,0063
0,0087014437;0,0087014437;0,0248333514;0,0102;0,0103;0,0099;0;0,0087;0,2473;0,2473;0,2703;0;0,0486;1;0,3502;1;0,2562;1;0,2726;6,6616;16,2578;6,6616;0,0043;0,0055;0,0212;0;0,0091
0,0087014437;0,0087014437;0,0174571276;0,0054;0,0053;0,005;0;0,0047;0,2483;0,2775;0,2483;1;0,3035;0;0,2429;0;0,2324;0;0,1992;6,7309;14,4489;6,7309;0,0206;0,0018;0,0069;0;0,0094
0,0090001523;0,0090001523;0,0212148726;0,0089;0,0087;0,0057;0;0,006;0,2486;0,2486;0,2944;0;0,0083;0;0,0132;0;0,0234;0;0,0067;6,8177;9,7231;6,8177;0,0118;1,1023;0,0033;0;0,0093
0,0090001523;0,0090001523;0,0114931464;0,0026;0,0028;0,0025;0;0,0023;0,2501;0,2501;0,3915;0;0,0149;1;0,2805;0;0,0064;0;0,0025;6,9276;6,9276;8,7981;0,0151;0,011;0,0164;0;0,0033
0,0090001523;0,0090001523;0,0194585621;0,0069;0,0067;0,006;0;0,0053;0,2506;0,2506;0,2765;0;0,0178;0;0,0025;0;0,017;1;0,2595;6,9746;8,8621;6,9746;0,0096;0,0053;0,1988;0;0,0151
0,0093001574;0,0093001574;0,0162870139;0,0143;0,0136;0,0123;1;0,0114;0,251;0,251;0,3038;0;0,0212;1;0,3016;0;0,0044;0;0,0577;6,9753;10,261;6,9753;0,0272;0,027;0,0109;0;0,043
0,0093001574;0,0093001574;0,0176463127;0,0082;0,0085;0,0075;0;0,0066;0,252;0,252;0,3084;0;0,0092;0;0,0398;0;0,0051;0;0,0019;7,0728;8,658;7,0728;0,0136;0,009;0,0069;0;0,0033
0,0093001574;0,0093001574;0,0471673012;0,0125;0,0123;0,0112;1;0,0106;0,2531;0,2945;0,2531;1;0,4523;0;0,0174;1;0,2943;1;0,3282;7,0863;10,2709;7,0863;0,0134;2,6324;0,0144;0;0,0117
0,0093001574;0,0093001574;0,0142941028;0,0106;0,0102;0,0093;0;0,0081;0,2543;0,2642;0,2543;0;0,2138;0;0,1656;0;0,165;0;0,141;7,2557;8,4477;7,2557;0,0051;0,0061;0,0091;0;0,0053
0,0093001574;0,0093001574;0,0175975561;0,0102;0,0087;0,0076;0;0,0076;0,2575;0,2575;0,2916;1;0,4666;0;0,0075;0;0,0049;0;0,0061;7,4069;10,559;7,4069;0,9384;0,6769;0,0052;0;0,4977
0,0093015432;0,0093015432;0,0276859999;0,0071;0,0072;0,0069;0;0,0064;0,2603;0,2603;0,2821;0;0,22;0;0,2289;0;0,2031;0;0,184;7,4154;13,6108;7,4154;1,5059;1,3606;0,0046;0;0,0017
0,0093015432;0,0093015432;0,018270418;0,0112;0,0092;0,009;0;0,0078;0,2651;0,3285;0,2651;0;0,264;0;0,2415;0;0,2084;0;0,2018;7,4686;11,5869;7,4686;2,5065;0,0072;0,0042;0;0,0062
0,0093015432;0,0093015432;0,0171665847;0,0078;0,0068;0,0054;0;0,0048;0,2656;0,2656;0,3172;0;0,0229;0;0,0091;0;0,0057;0;0,008;7,4903;11,1177;7,4903;0,0174;0,0045;0,0075;0;0,0161
0,009601593;0,009601593;0,022655338;0,0104;0,01;0,0095;0;0,0091;0,2659;0,2659;0,2921;1;0,3431;1;0,3006;0;0,2586;0;0,2336;7,5017;13,2406;7,5017;0,0334;0,0075;0,0108;0;0,0059
0,0099001676;0,0099001676;0,0184125602;0,0104;0,0098;0,0093;0;0,0087;0,2685;0,2685;0,2896;1;0,3108;1;0,2728;1;0,2707;0;0,2511;7,5394;7,5394;7,6499;1,8295;0,006;0,6413;0;0,0197
0,0099001676;0,0099001676;0,0187862515;0,0098;0,0062;0,0067;0;0,0066;0,2712;0,3411;0,2712;1;0,546;0;0,0047;0;0,0052;1;0,4391;7,5664;11,1027;7,5664;0,0125;0,0241;0,0598;0;0,0054
0,0099001676;0,0099001676;0,0171179175;0,0054;0,0052;0,0047;0;0,0046;0,2733;0,2881;0,2733;0;0,0441;0;0,0083;0;0,0041;0;0,0112;7,6322;8,7919;7,6322;0,008;0,0076;0,0128;0;0,0153
0,0099001676;0,0099001676;0,0172346532;0,0077;0,0076;0,0074;0;0,0068;0,2776;0,3262;0,2776;0;0,0184;0;0,0109;0;0,0037;0;0,0092;7,6881;9,5474;7,6881;0,0086;0,0106;0,0086;0;0,0138
0,0099001676;0,0099001676;0,0283989608;0,0158;0,0153;0,0142;1;0,0133;0,2828;0,2828;0,3819;0;0,0108;0;0,0033;1;0,352;0;0,2527;7,6929;9,5658;7,6929;0,0383;0,0144;0,0395;0;0,0235
0,0102001727;0,0102001727;0,0214179754;0,0056;0,0052;0,0052;0;0,0048;0,2846;0,2846;0,5408;0;0,0967;0;0,1867;0;0,1813;0;0,1741;7,6995;13,2292;7,6995;0,0511;0,0169;0,0221;0;0,0204
0,0102016926;0,0102016926;0,0373130441;0,0159;0,0137;0,0129;1;0,0124;0,2851;0,2851;0,3444;0;0,139;0;0,1111;0;0,1143;0;0,0926;7,7303;16,5088;7,7303;0,006;0,0385;0,0056;0;0,0059
0,0102016926;0,0102016926;0,0173590183;0,011;0,0096;0,0086;0;0,0074;0,286;0,3125;0,286;0;0,0105;0;0,0244;1;0,3912;0;0,0102;7,7599;17,0671;7,7599;0,0159;0,0108;0,0043;0;0,0049
0,0102016926;0,0102016926;0,0305832922;0,0109;0,0103;0,0097;0;0,009;0,287;0,3614;0,287;1;0,4054;0;0,0052;1;0,3464;1;0,311;7,7651;7,7651;8,4491;0,0031;0,0128;0,0155;0;0,7322
0,0105001777;0,0105001777;0,0238268673;0,0051;0,02;0,0183;1;0,0177;0,2896;0,3713;0,2896;0;0,1299;0;0,1553;0;0,1266;0;0,0924;7,7932;9,2344;7,7932;0,036;0,0103;0,007;0;0,0059
0,0105001777;0,0105001777;0,0181143284;0,0063;0,005;0,0041;0;0,0035;0,2897;0,3824;0,2897;0;0,232;0;0,2286;0;0,186;0;0,182;7,8774;10,3812;7,8774;0,0035;0,0128;0,0007;0;0,7054
0,0108001828;0,0108001828;0,015414387;0,0059;0,0053;0,0051;0;0,0048;0,2903;0,2903;0,4397;0;0,0075;0;0,0085;0;0,006;0;0,0016;7,9245;16,967;7,9245;0,0105;0,027;0,0051;0;0,0323
0,0108001828;0,0108001828;0,0201654471;0,0069;0,0046;0,0045;0;0,0039;0,2905;0,2971;0,2905;0;0,2088;0;0,1877;0;0,1621;0;0,1476;8,0008;9,6878;8,0008;0,0088;0,0094;0,3996;0;0,0061
0,0108001828;0,0108001828;0,014383018;0,0031;0,0027;0,0021;0;0,0022;0,2954;0,2954;0,3635;1;0,5047;0;0,0088;0;0,0033;1;0,3656;8,0128;11,9002;8,0128;0,0053;0,0184;0,0092;0;0,0149
0,0108001828;0,0108001828;0,0402613133;0,0178;0,0167;0,0156;1;0,0148;0,2957;0,3883;0,2957;1;0,3999;1;0,3468;1;0,3362;0;0,2575;8,0827;9,162;8,0827;0,0074;0,0049;0,01;0;0,0178
0,0108002424;0,0108002424;0,0261943638;0,0119;0,0115;0,0102;0;0,01;0,2958;0,3235;0,2958;1;0,3378;0;0,289;0;0,0025;0;0,232;8,168;8,168;11,8779;0,9462;0,7721;0,603;0;0,6103
0,0108010173;0,0108010173;0,0126967281;0,0028;0,0025;0,0021;0;0,0017;0,2967;0,2982;0,2967;0;0,1676;0;0,0063;0;0,0069;0;0,0058;8,1819;9,0888;8,1819;1,1963;0,0122;0,0161;0;0,9148
0,0108017921;0,0108017921;0,032294035;0,0098;0,0094;0,0092;0;0,0088;0,2977;0,3875;0,2977;0;0,0154;0;0,0388;0;0,0045;0;0,003;8,2553;13,6884;8,2553;0,0195;0,0173;0,0104;0;0,0424
0,0108017921;0,0108017921;0,0210769773;0,0087;0,0077;0,0068;0;0,0061;0,3009;0,3955;0,3009;1;0,3488;1;0,3717;1;0,3465;1;0,3118;8,3053;9,284;8,3053;0,0052;0,006;0,011;0;0,0078
0,0111001879;0,0111001879;0,0240908265;0,014;0,0124;0,0119;0;0,011;0,3033;0,3033;0,3874;1;0,3997;0;0,0231;0;0,0657;0;0,2786;8,3284;14,7681;8,3284;0,0169;0,0085;0,0183;0;0,0035
0,0111002922;0,0111002922;0,0137571394;0,0046;0,0031;0,003;0;0,0025;0,3048;0,3049;0,3048;0;0,0061;0;0,0099;0;0,0085;0;0,0059;8,3585;15,1459;8,3585;0,0447;0,0394;0,0473;0;0,0079
0,011400193;0,011400193;0,0275769979;0,0176;0,0172;0,0164;1;0,0161;0,3053;0,3053;0,3075;0;0,0273;1;0,3178;0;0,2083;0;0,1864;8,4213;14,0161;8,4213;6,0666;0,0105;0,0309;0;0,0477
0,011400193;0,011400193;0,0319465101;0,0165;0,0157;0,0149;1;0,0138;0,308;0,3695;0,308;0;0,0107;0;0,0134;0;0,0083;0;0,0111;8,4625;17,7969;8,4625;0,0243;0,0202;0,016;0;0,0177
0,0114018917;0,0114018917;0,0159934163;0,0063;0,0047;0,0045;0;0,0043;0,3095;0,4231;0,3095;1;0,5489;0;0,0141;0;0,0032;0;0,0019;8,5585;12,1894;8,5585;1,3589;0,9127;0,6551;0;0,0066
0,0117001981;0,0117001981;0,0254300535;0,0153;0,0147;0,0148;1;0,0142;0,3097;0,3527;0,3097;0;0,2005;0;0,1715;0;0,1652;0;0,1444;8,705;13,3656;8,705;0,0065;0,0079;0,7546;0;0,0079
0,0117011666;0,0117011666;0,0316329896;0,0129;0,0136;0,0129;1;0,0126;0,3108;0,3207;0,3108;1;0,3246;1;0,3154;0;0,2865;0;0,2563;8,7394;15,8629;8,7394;0,0173;0,0142;0,0074;0;0,0053
0,011961475;0,0174028873;0,011961475;0,0028;0,0026;0,0025;0;0,0023;0,3126;0,3392;0,3126;0;0,011;0;0,0201;0;0,0044;0;0,0175;8,8628;14,4439;8,8628;0,0104;0,0236;0,0257;0;3,7785
0,0120002031;0,0120002031;0,021869868;0,0104;0,0109;0,0098;0;0,0095;0,3174;0,3174;0,3546;0;0,0225;1;0,523;0;0,0071;0;0,0056;8,8767;10,2903;8,8767;0,0064;0,0186;0,0072;0;0,008
0,0120002031;0,0120002031;0,0214963406;0,0077;0,0068;0,007;0;0,0063;0,3197;0,4283;0,3197;0;0,0163;0;0,0095;0;0,0059;0;0,0188;8,9088;26,7205;8,9088;0,0105;0,0172;0,0372;0;0,0072
0,0120002031;0,0120002031;0,0347744077;0,0107;0,0107;0,01;0;0,0094;0,3252;0,3252;0,4615;0;0,0063;0;0,0089;0;0,0128;0;0,0041;9,0016;20,9036;9,0016;0,0845;0,0084;0,0127;0;0,0276
0,0120002031;0,0120002031;0,0272874832;0,0118;0,0111;0,0107;0;0,0094;0,3265;0,3668;0,3265;1;0,3582;0;0,2301;0;0,301;0;0,2709;9,0529;15,2256;9,0529;0,0068;0,0061;0,901;0;0,0921
0,0123002082;0,0123002082;0,0225422084;0,0172;0,0163;0,0145;1;0,014;0,3298;0,3298;0,384;0;0,0157;0;0,0094;0;0,0046;0;0,019;9,2195;12,4643;9,2195;0,0277;0,047;0,0117;0;0,0067
0,0123002082;0,0123002082;0,0271390378;0,0087;0,0083;0,0077;0;0,0072;0,3377;0,3902;0,3377;1;0,4247;1;0,4113;1;0,3586;0;0,2691;9,243;9,714;9,243;0,9049;0,0074;0,009;0;0,0028
0,0123002082;0,0123002082;0,0214229971;0,0087;0,0083;0,0076;0;0,0073;0,3387;0,3396;0,3387;0;0,3201;0;0,3161;0;0,299;0;0,2722;9,2435;15,8075;9,2435;0,0444;0,0154;0,0037;0;0,012
0,0123020411;0,0123020411;0,0236371458;0,0162;0,015;0,0145;1;0,0129;0,3461;0,3461;0,3974;0;0,0093;0;0,0295;0;0,0076;0;0,0223;9,291;15,1821;9,291;0,0304;0,027;0,0232;0;0,0322
0,0123020411;0,0123020411;0,0338539779;0,0144;0,0153;0,0139;1;0,0133;0,3515;0,4396;0,3515;1;0,4501;0;0,011;0;0,0106;1;0,3833;9,298;9,298;9,9071;0,019;0,0602;0,0115;0;0,0082
0,0126002133;0,0126002133;0,0293933451;0,0178;0,016;0,0161;1;0,0151;0,3526;0,3526;0,3651;0;0,015;1;0,5953;0;0,0145;0;0,0097;9,3052;15,478;9,3052;0,0331;0,0143;0,0334;0;0,0031
0,0126002133;0,0126002133;0,0257292986;0,0142;0,0134;0,0122;0;0,0117;0,3565;0,3565;0,4783;0;0,0091;0;0,0018;0;0,0179;0;0,0015;9,3103;10,0533;9,3103;0,0139;0,0068;0,0137;0;0,0057
0,0126002133;0,0126002133;0,0248599052;0,0148;0,015;0,0142;1;0,0137;0,3586;0,3586;0,4558;0;0,0148;0;0,0091;0;0,0099;0;0,0156;9,5458;9,5458;10,2838;0,0078;0,0477;0,0059;0;0,0029
0,0126005411;0,0126005411;0,0300675333;0,0156;0,0159;0,014;1;0,0132;0,3671;0,3671;0,4171;1;0,549;0;0,0065;0;0,2079;1;0,3751;9,844;9,844;10,1085;0,0077;0,0054;0,012;0;0,0303
0,0129002184;0,0129002184;0,0176126063;0,0159;0,0141;0,0127;0;0,0124;0,3679;0,3679;0,4371;0;0,004;0;0,0137;0;0,016;0;0,01;9,8456;11,153;9,8456;0,0902;0,0099;0,0135;0;0,0092
0,0129013658;0,0129013658;0,0283918679;0,0169;0,0167;0,0161;1;0,0156;0,3692;0,3737;0,3692;0;0,3361;0;0,3075;0;0,2699;0;0,2851;9,8642;14,0613;9,8642;0,0146;0,0115;0,0073;0;1,0998
0,0129021406;0,0129021406;0,0375386477;0,0131;0,014;0,0112;0;0,0114;0,3697;0,3697;0,3707;0;0,2773;0;0,238;0;0,2054;0;0,198;9,8986;9,8986;12,634;0,0107;0,0174;0,0076;0;0,0033
0,0132002234;0,0132002234;0,0316466689;0,0088;0,0085;0,0073;0;0,0077;0,3716;0,4619;0,3716;0;0,0056;0;0,0086;0;0,0112;0;0,0083;9,9191;12,2776;9,9191;0,0601;0,0094;0,0119;0;0,0313
0,0132002234;0,0132002234;0,0555000603;0,02;0,0184;0,0175;1;0,0161;0,3722;0,3722;0,3901;0;0,0053;0;0,0041;0;0,0052;1;0,3872;9,9342;15,2005;9,9342;0,0047;0,0049;0,0056;0;0,0062
0,0135002285;0,0135002285;0,0413392186;0,0172;0,0156;0,0152;1;0,0141;0,3764;0,397;0,3764;1;0,428;1;0,4153;0;0,2728;0;0,1756;10,2863;15,9812;10,2863;0,0251;0,019;0,0112;0;0,0155
0,0135002285;0,0135002285;0,0283181667;0,0122;0,012;0,011;0;0,0108;0,3797;0,4692;0,3797;0;0,0071;0;0,0065;1;0,4944;0;0,0039;10,3566;10,3566;12,0687;0,0216;0,007;1,9428;0;0,0084
0,0135002285;0,0135002285;0,0228221118;0,0075;0,0068;0,0042;0;0,0038;0,3815;0,3815;0,5601;0;0,2265;0;0,0225;0;0,3553;0;0,0079;10,4565;18,5429;10,4565;0,0073;0,0049;0,2317;0;0,0175
0,0135006905;0,0135006905;0,0268123448;0,0175;0,0159;0,0149;1;0,0152;0,387;0,387;0,4144;0;0,1014;1;0,5049;1;0,4694;1;0,4379;10,5686;15,6358;10,5686;0,0296;0,0051;0,0117;0;0,0019
0,0135014653;0,0135014653;0,0356489122;0,0182;0,0169;0,0168;1;0,0154;0,3871;0,3871;0,5697;0;0,0297;0;0,0093;0;0,0255;0;0,0121;10,6826;18,9804;10,6826;0,0152;0,0052;0,0064;0;0,0395
0,01380229;0,01380229;0,0260619968;0,0149;0,0146;0,0141;0;0,0133;0,3875;0,3875;0,5496;0;0,0815;1;0,5008;0;0,0261;0;0,2372;10,9247;12,6234;10,9247;0,0048;0,0729;0,0267;0;0,0099
0,01380229;0,01380229;0,0240794122;0,018;0,0189;0,0178;1;0,017;0,3911;0,5131;0,3911;0;0,0169;0;0,0711;0;0,0124;0;0,0145;11,1403;17,2456;11,1403;0,0118;0,0089;0,0087;0;0,0104
0,0141002387;0,0141002387;0,0317350328;0,023;0,0222;0,0215;1;0,0202;0,3917;0,3917;0,684;1;0,5187;0;0,0102;0;0,013;0;0,0042;11,2311;14,69;11,2311;0,0086;0,0087;0,0032;0;0,8959
0,01410079;0,01410079;0,0325650871;0,0145;0,015;0,0137;0;0,0128;0,3929;0,3929;0,4305;0;0,0223;1;0,4633;1;0,4784;0;0,0054;11,2508;12,5895;11,2508;0,0178;0,0355;0,0201;0;0,0046
0,0144023895;0,0144023895;0,0641252697;0,0216;0,0207;0,0201;1;0,0196;0,3987;0,3987;0,5342;0;0,2849;0;0,0127;0;0,345;0;0,0042;11,2819;16,2072;11,2819;0,0043;0,0241;0,013;0;0,0064
0,0147002488;0,0147002488;0,0303904712;0,023;0,0223;0,0202;1;0,0209;0,4009;0,4216;0,4009;0;0,0182;0;0,0058;0;0,0057;0;0,0069;11,7103;11,7103;12,2481;0,0155;0,025;0,0401;0;0,0096
0,0147002488;0,0147002488;0,0282462686;0,0187;0,0186;0,0176;1;0,017;0,404;0,404;0,4151;0;0,0109;0;0,0232;0;0,0266;0;0,0231;11,7867;15,9949;11,7867;0,0058;0,0085;0,0051;0;0,0147
0,0147002488;0,0147002488;0;0,0169;0,0152;0,0141;0;0,0133;0,4111;0,4111;0,4321;1;0,5909;0;0,0045;1;0,4286;0;0,0057;11,7891;17,2479;11,7891;0,0105;0,0101;1,4527;0;0,0067
0,0147024393;0,0147024393;0,0270535946;0,0146;0,0151;0,0143;0;0,0132;0,4164;0,5218;0,4164;0;0,0081;0;0,0249;0;0,0064;1;0,4165;11,8014;18,352;11,8014;0,012;0,0156;0,0209;0;0,0113
0,0150002539;0,0150002539;0,016866304;0,0146;0,0121;0,0121;0;0,0097;0,4205;0,4429;0,4205;0;0,0106;0;0,0087;0;0,0115;0;0,005;12,2939;15,72;12,2939;0,0089;0,0284;0,4565;0;0,0179
0,0150002539;0,0150002539;0,0261462666;0,0145;0,014;0,0132;0;0,0134;0,4242;0,5006;0,4242;0;0,0219;0;0,0148;0;0,0415;0;0,005;12,4587;20,9707;12,4587;0,0115;0,0116;0,3685;0;0,0084
0,0150002539;0,0150002539;0,0237691253;0,0139;0,0137;0,0124;0;0,0126;0,425;0,425;0,5439;0;0,0105;0;0,0489;0;0,3963;0;0,3478;12,5605;24,6072;12,5605;0,0442;0,011;3,0394;0;0,0179
0,0150024891;0,0150024891;0,0319482982;0,0234;0,0219;0,0216;1;0,0201;0,4315;0,4315;0,5066;0;0,0113;0;0,0249;0;0,0252;0;0,0089;13,0003;13,4589;13,0003;5,7093;0,0098;0,0281;0;0,0278
0,0156025887;0,0156025887;0,0300444067;0,0217;0,0227;0,0215;1;0,0201;0,4367;0,4367;1,1497;1;0,4673;0;0,0531;0;0,01;0;0,3623;13,3755;16,1424;13,3755;0,0696;0,0206;0,0436;0;0,0529
0,0159002692;0,0159002692;0,0399713218;0,0118;0,0125;0,0115;0;0,0113;0,4467;0,4467;0,5611;0;0,0273;1;0,5654;0;0,4345;0;0,4123;13,6393;14,9001;13,6393;0,0288;0,0196;0,0101;0;0,009
0,0165004134;0,0165004134;0,0221634209;0,0117;0,0104;0,0102;0;0,0104;0,4566;0,5345;0,4566;0;0,0169;0;0,02;0;0,0044;0;0,0032;14,1244;14,1244;14,8317;0,0077;0,0048;0,011;0;0,0367
0,0168012381;0,0168012381;0,0257785916;0,0138;0,0136;0,0132;0;0,0124;0,4618;0,4808;0,4618;0;0,0387;0;0,0362;1;0,5429;0;0,0097;14,193;18,4393;14,193;0,0032;0,0026;0,0087;0;0,0072
0,0171002895;0,0171002895;0,0302281082;0,0153;0,0149;0,0143;0;0,0135;0,4659;0,4659;0,4891;1;0,6553;0;0,0055;0;0,0074;0;0,0136;14,216;21,2506;14,216;0,0066;0,0339;0,0967;0;0,0072
0,0174002945;0,0174002945;0,0321390927;0,0233;0,0209;0,0184;1;0,0183;0,468;0,468;0,6446;0;0,0147;0;0,0103;0;0,0217;0;0,0063;14,6487;16,2758;14,6487;0,0238;0,0178;1,2338;0;0,0072
0,0177002996;0,0177002996;0,0222881138;0,0105;0,0106;0,0099;0;0,0097;0,4805;0,6049;0,4805;0;0,0086;0;0,0057;0;0,0075;0;0,0018;14,8332;14,8332;15,2804;0,0145;0,0469;0,029;0;0,02
0,0183003098;0,0183003098;0,0266894698;0,0182;0,018;0,0172;0;0,0165;0,5105;0,5105;0,837;0;0,0235;0;0,0412;0;0,0115;0;0,009;14,8673;17,0873;14,8673;0,0366;0,0298;0,0376;0;0,0135
0,0183030367;0,0183030367;0,043707341;0,0151;0,0155;0,0147;0;0,0147;0,5153;0,5153;0,5224;0;0,0844;0;0,0946;0;0,068;0;0,0635;16,7963;30,635;16,7963;2,5351;0,0073;0,2649;0;0,0095
0,0183030367;0,0183030367;0,0261338353;0,012;0,0119;0,0106;0;0,0104;0,5164;0,5164;0,6315;0;0,0112;0;0,0374;0;0,015;0;0,0211;17,053;19,4223;17,053;0,0087;0,0215;0,0092;0;0,011
0,0198017359;0,0198017359;0,0302401483;0,0138;0,0142;0,0134;0;0,0125;0,518;0,518;0,5727;0;0,0214;0;0,025;0;0,008;1;0,6553;17,5876;19,4638;17,5876;0,0582;0,0113;0,0317;0;3,1024
0,0213035345;0,0213035345;0,0328779519;0,0187;0,0177;0,0165;0;0,0159;0,5326;0,6664;0,5326;0;0,0173;0;0,0081;0;0,018;0;0,0068;18,6116;20,1938;18,6116;8,8309;0,0224;0,0137;0;0,0293
0,0222036839;0,0222036839;0,0417272151;0,0223;0,0213;0,0211;0;0,0204;0,5759;0,7485;0,5759;0;0,0073;0;0,0088;0;0,0144;0;0,0403;19,878;24,5379;19,878;0,0249;0,1243;0,01;0;0,0074
0,0258027315;0,0258027315;0,0340519845;0,0222;0,0196;0,0193;0;0,0188;0,6553;0,6553;0,6967;0;0,0092;0;0,0071;0;0,0064;0;0,0093;20,8274;20,8274;21,6487;0,022;0,0406;0,0399;0;0,0839
;;;;;;53;;;;;176;;124;;96;;72;;;;;;;;0;
